hours.per.week,income,race,sex,marital.status,relationship,education,age,education.num
39.45673817377874,<=50K,Black,Female,Never-married,Other-relative,HS-grad,31.946898037640114,9.0
34.167348436708295,<=50K,Black,Male,Widowed,Not-in-family,Some-college,89.02002467522486,10.0
45.98334611652007,<=50K,White,Female,Separated,Unmarried,Bachelors,24.75789296701675,13.0
35.49097825240678,>50K,White,Male,Divorced,Not-in-family,Some-college,42.319094168940694,10.0
27.49643909018402,<=50K,White,Female,Never-married,Not-in-family,Some-college,51.72610030161795,10.0
20.722950362709387,<=50K,White,Female,Married-civ-spouse,Husband,HS-grad,81.35135679415563,9.0
27.17197288692688,>50K,Black,Male,Married-civ-spouse,Husband,Some-college,86.24828361068911,10.0
17.812511242014615,<=50K,White,Male,Married-civ-spouse,Husband,10th,32.92923747841117,6.0
44.28439015765005,<=50K,White,Male,Divorced,Not-in-family,HS-grad,31.73992812948975,9.0
42.83777962592606,<=50K,White,Male,Divorced,Unmarried,7th-8th,82.9641165802096,4.0
28.81516853143826,>50K,White,Male,Married-civ-spouse,Wife,Bachelors,43.83660833216832,13.0
50.897857985781144,<=50K,White,Male,Divorced,Not-in-family,HS-grad,71.08958266167818,9.0
48.119893467877105,>50K,White,Male,Married-civ-spouse,Husband,Assoc-acdm,39.25550661621256,12.0
55.42821957606867,<=50K,Black,Male,Never-married,Not-in-family,HS-grad,84.00181369570733,9.0
16.29841255643517,<=50K,White,Male,Married-civ-spouse,Husband,HS-grad,70.1505453306996,9.0
26.10042698319475,>50K,White,Female,Married-civ-spouse,Husband,Some-college,37.56762593884532,10.0
34.13012907396317,<=50K,White,Female,Married-civ-spouse,Husband,Bachelors,50.724658871263685,13.0
41.108698449137414,<=50K,Black,Female,Married-civ-spouse,Husband,Masters,85.62441076521651,14.0
45.16864117298911,>50K,White,Male,Married-civ-spouse,Other-relative,Some-college,64.23783455175234,10.0
25.594502429613133,<=50K,White,Female,Never-married,Other-relative,Some-college,45.474982847389555,10.0
42.337965166983224,<=50K,White,Male,Never-married,Own-child,HS-grad,26.988822037575257,9.0
51.42561603332709,<=50K,White,Male,Married-civ-spouse,Husband,Bachelors,62.625925421449544,13.0
40.494708264719506,<=50K,White,Male,Never-married,Own-child,Bachelors,54.746220684005706,13.0
37.923854101083826,<=50K,White,Male,Never-married,Own-child,Bachelors,28.033834241574993,13.0
47.89593501957175,>50K,White,Female,Married-civ-spouse,Husband,HS-grad,76.84761324941131,9.0
42.02575633780292,<=50K,White,Female,Married-civ-spouse,Husband,Assoc-acdm,25.252596094931953,12.0
39.0890910107051,<=50K,White,Female,Divorced,Not-in-family,Assoc-acdm,17.016702997552965,12.0
38.27835337542811,<=50K,White,Female,Married-civ-spouse,Husband,Assoc-voc,40.12124602048277,11.0
59.1695085083783,<=50K,White,Female,Never-married,Not-in-family,Some-college,48.044626747205314,10.0
31.51081289387868,<=50K,White,Male,Never-married,Not-in-family,HS-grad,22.955210001534603,9.0
31.73421046453793,>50K,White,Male,Married-civ-spouse,Husband,Masters,76.59115358947801,14.0
38.425706328672334,<=50K,White,Male,Married-civ-spouse,Husband,Masters,82.46438005755003,14.0
38.67580041002185,<=50K,White,Male,Married-civ-spouse,Husband,12th,42.6791405437167,8.0
49.85361461768556,<=50K,White,Male,Separated,Unmarried,Bachelors,34.24754161010196,13.0
41.249497915926234,>50K,White,Male,Married-civ-spouse,Husband,HS-grad,43.87325423858502,9.0
39.90462412588511,<=50K,White,Female,Never-married,Not-in-family,HS-grad,54.80628025635951,9.0
58.42694938960135,<=50K,White,Female,Married-civ-spouse,Husband,7th-8th,67.2260387797166,4.0
65.25977108806399,>50K,White,Male,Married-civ-spouse,Husband,Bachelors,27.641883014226575,13.0
66.8377377766941,>50K,Black,Female,Married-civ-spouse,Husband,Bachelors,77.62342397605073,13.0
41.74766435957995,<=50K,White,Female,Married-civ-spouse,Husband,HS-grad,31.188636106929437,9.0
46.96141439647632,<=50K,White,Male,Married-civ-spouse,Husband,Bachelors,26.583218492215963,13.0
37.47685813765123,<=50K,White,Female,Never-married,Own-child,HS-grad,70.35459710793594,9.0
38.577875449642804,<=50K,Black,Male,Married-civ-spouse,Wife,HS-grad,55.22313891193346,9.0
41.3575146274853,<=50K,White,Female,Married-civ-spouse,Husband,Some-college,40.65573930574945,10.0
26.364954879328227,<=50K,White,Male,Married-civ-spouse,Husband,HS-grad,66.66439401538464,9.0
57.35950019754982,<=50K,White,Female,Never-married,Not-in-family,11th,34.29667317034233,7.0
19.057000079338508,<=50K,Black,Male,Never-married,Unmarried,HS-grad,86.57839652526793,9.0
29.91405539655169,<=50K,White,Male,Never-married,Other-relative,Bachelors,42.90311956968178,13.0
41.08549404668128,<=50K,White,Male,Never-married,Own-child,Assoc-voc,80.62899575825085,11.0
35.266601216077675,>50K,White,Female,Married-civ-spouse,Husband,Bachelors,67.56502335901813,13.0
49.8185891569194,<=50K,White,Male,Never-married,Not-in-family,HS-grad,20.19227019504018,9.0
36.87470195725812,<=50K,Black,Female,Widowed,Not-in-family,HS-grad,65.5496883740416,9.0
49.97394468974245,>50K,Amer-Indian-Eskimo,Female,Married-civ-spouse,Husband,HS-grad,38.76304873337123,9.0
40.91256534394399,<=50K,White,Male,Widowed,Not-in-family,Assoc-voc,22.097846327895166,11.0
45.591471196257196,>50K,Asian-Pac-Islander,Male,Never-married,Not-in-family,Bachelors,40.38114647740416,13.0
36.018231056060486,<=50K,White,Male,Divorced,Unmarried,Assoc-acdm,52.952958274951854,12.0
27.02872756949626,>50K,White,Female,Married-civ-spouse,Husband,Prof-school,20.848481378248373,15.0
38.17515699409406,<=50K,White,Female,Divorced,Not-in-family,HS-grad,59.245811026643736,9.0
40.80232158607589,<=50K,White,Male,Married-civ-spouse,Wife,HS-grad,32.56298620536773,9.0
39.547624388480955,>50K,Black,Male,Divorced,Not-in-family,HS-grad,77.73253202069702,9.0
35.89075302394011,<=50K,White,Male,Never-married,Not-in-family,Some-college,24.504449822487224,10.0
49.063234841892864,<=50K,White,Male,Separated,Own-child,HS-grad,17.492989464749602,9.0
45.17473940403135,<=50K,White,Female,Married-civ-spouse,Husband,7th-8th,89.92234953329388,4.0
52.16693227044043,<=50K,White,Female,Never-married,Unmarried,10th,57.57298548577868,6.0
38.51527496078799,>50K,White,Female,Married-civ-spouse,Husband,Masters,49.87037580236757,14.0
43.20484660579682,<=50K,White,Female,Never-married,Not-in-family,Preschool,88.48260768922631,1.0
21.834017847244116,<=50K,White,Female,Never-married,Own-child,Masters,35.03383223111936,14.0
38.91103818854481,>50K,White,Male,Divorced,Unmarried,Some-college,43.02440704609131,10.0
40.95451716635637,<=50K,White,Male,Married-spouse-absent,Unmarried,Some-college,47.346188562381045,10.0
44.902378477962785,<=50K,White,Male,Separated,Unmarried,HS-grad,29.348827662720577,9.0
48.59797198556596,<=50K,White,Male,Divorced,Not-in-family,HS-grad,50.99331435440193,9.0
29.154343591871864,<=50K,White,Male,Never-married,Own-child,HS-grad,68.9845013731011,9.0
46.19355025805523,<=50K,White,Male,Widowed,Not-in-family,Assoc-acdm,49.50609399642232,12.0
41.7942752487202,<=50K,White,Female,Divorced,Not-in-family,7th-8th,42.20670636299987,4.0
23.56039308194707,>50K,Black,Female,Married-civ-spouse,Wife,Bachelors,64.69052603473222,13.0
40.95383627104065,<=50K,White,Female,Never-married,Unmarried,HS-grad,26.969876365844797,9.0
41.846488891363386,<=50K,White,Male,Married-civ-spouse,Wife,HS-grad,87.6015255731649,9.0
47.181752467813695,<=50K,White,Male,Never-married,Not-in-family,HS-grad,50.3039102181598,9.0
41.10164294323426,<=50K,White,Male,Divorced,Not-in-family,Some-college,40.14748463583177,10.0
49.43598571821924,<=50K,White,Female,Never-married,Own-child,HS-grad,64.56879357389906,9.0
53.2296251378122,>50K,White,Female,Married-civ-spouse,Husband,Bachelors,19.052790734000112,13.0
57.264359294077046,<=50K,White,Male,Married-civ-spouse,Husband,10th,40.385564064267875,6.0
50.28999963534972,<=50K,White,Female,Never-married,Own-child,HS-grad,68.97778414881422,9.0
45.34448713929014,<=50K,White,Female,Divorced,Not-in-family,Bachelors,59.83320912892507,13.0
27.46647660769596,<=50K,White,Male,Never-married,Own-child,Some-college,89.83657435454703,10.0
57.334798288554886,<=50K,White,Female,Married-civ-spouse,Husband,Some-college,74.41774622468412,10.0
51.07247463391965,>50K,White,Male,Married-civ-spouse,Husband,Prof-school,42.831460581437085,15.0
64.04152293827173,<=50K,White,Female,Divorced,Not-in-family,Some-college,40.786197542659096,10.0
26.825999743944124,<=50K,White,Male,Married-civ-spouse,Wife,11th,83.8316071809884,7.0
51.648290689670965,>50K,White,Male,Married-civ-spouse,Husband,Prof-school,74.85402839240214,15.0
43.73390431416437,<=50K,White,Female,Never-married,Own-child,Some-college,64.64623524408677,10.0
63.55409357949097,<=50K,White,Male,Never-married,Own-child,HS-grad,51.199077841118736,9.0
37.485103270864045,<=50K,White,Male,Married-civ-spouse,Husband,Assoc-voc,25.768825787162655,11.0
29.998841166255723,<=50K,White,Female,Married-civ-spouse,Husband,Some-college,60.177390877938336,10.0
37.07658237242979,<=50K,White,Male,Never-married,Not-in-family,Some-college,24.024531265328704,10.0
53.36614658700611,<=50K,White,Male,Never-married,Own-child,Some-college,83.84034786839572,10.0
60.08860597974999,<=50K,White,Female,Never-married,Own-child,Some-college,41.121724135113055,10.0
41.205243168886,<=50K,White,Male,Never-married,Own-child,Some-college,73.60261430799302,10.0
45.013382233452305,<=50K,White,Male,Never-married,Not-in-family,HS-grad,18.256083894048118,9.0
51.95125857619797,<=50K,Asian-Pac-Islander,Male,Separated,Other-relative,Some-college,24.117402498444154,10.0
42.42877388708411,<=50K,White,Male,Never-married,Own-child,Assoc-acdm,52.99745181711056,12.0
38.16518674676488,<=50K,White,Male,Married-civ-spouse,Husband,Assoc-voc,54.274241640299174,11.0
31.670364816514404,<=50K,White,Male,Never-married,Own-child,Assoc-voc,36.99627922209673,11.0
43.769023879196006,<=50K,White,Female,Married-civ-spouse,Husband,Some-college,72.296949813356,10.0
46.295874381185534,<=50K,White,Male,Married-civ-spouse,Wife,HS-grad,36.936638054519534,9.0
48.777529362264204,<=50K,Asian-Pac-Islander,Female,Married-civ-spouse,Wife,Some-college,31.694854053588326,10.0
33.38896248908111,<=50K,White,Female,Married-civ-spouse,Wife,Assoc-acdm,82.81089953035254,12.0
43.41936973441596,>50K,White,Male,Married-civ-spouse,Husband,HS-grad,35.417049441444405,9.0
46.87403422524464,<=50K,White,Male,Divorced,Not-in-family,Some-college,19.424733179341235,10.0
23.883802225773515,<=50K,White,Male,Married-spouse-absent,Not-in-family,9th,34.6290152204715,5.0
37.78660444365417,<=50K,White,Male,Married-civ-spouse,Wife,HS-grad,33.795137767144666,9.0
26.647656363409794,<=50K,White,Male,Divorced,Own-child,Some-college,59.6222336885798,10.0
30.34105326121419,>50K,White,Male,Married-civ-spouse,Husband,Some-college,32.15591959195931,10.0
47.857737174842136,<=50K,White,Male,Never-married,Own-child,12th,37.590131774811184,8.0
79.0433496924368,<=50K,Black,Male,Separated,Unmarried,11th,34.75984139593633,7.0
37.313870077636366,>50K,White,Male,Married-civ-spouse,Wife,Some-college,86.79396274162517,10.0
50.60597069064401,<=50K,White,Female,Never-married,Own-child,HS-grad,45.906817573495985,9.0
44.608574342376365,<=50K,White,Female,Never-married,Own-child,HS-grad,27.89748242840014,9.0
46.287804826276925,<=50K,White,Male,Never-married,Other-relative,HS-grad,36.119776789667156,9.0
23.54148520727449,<=50K,White,Male,Never-married,Not-in-family,HS-grad,49.28483200499494,9.0
61.57182066032392,<=50K,White,Female,Divorced,Unmarried,Bachelors,70.18722320076482,13.0
41.81299762576822,<=50K,White,Male,Widowed,Not-in-family,HS-grad,62.72474466899208,9.0
53.403304063759805,<=50K,White,Male,Married-civ-spouse,Husband,HS-grad,37.51797290309764,9.0
46.27778804005249,<=50K,White,Female,Married-civ-spouse,Wife,Masters,56.126546819377516,14.0
32.59182474898295,<=50K,White,Male,Married-civ-spouse,Husband,Some-college,65.81109528756203,10.0
37.56626886743666,<=50K,White,Male,Married-civ-spouse,Husband,HS-grad,22.16658910547256,9.0
34.12406462965599,>50K,White,Male,Married-civ-spouse,Husband,Bachelors,85.88994357074313,13.0
48.36298185821588,<=50K,White,Female,Never-married,Not-in-family,Bachelors,72.53295799975078,13.0
40.33001881064801,<=50K,Asian-Pac-Islander,Female,Married-civ-spouse,Husband,Masters,31.663633081724434,14.0
30.859282725185306,>50K,White,Male,Married-civ-spouse,Husband,Doctorate,67.22683997241857,16.0
25.12264836650225,>50K,White,Male,Married-civ-spouse,Husband,Bachelors,78.54579209373591,13.0
30.641694833445886,<=50K,White,Male,Never-married,Not-in-family,9th,82.34387210954321,5.0
54.627455943961714,>50K,Amer-Indian-Eskimo,Male,Married-civ-spouse,Husband,HS-grad,39.61355218354602,9.0
61.503351938792534,<=50K,White,Male,Married-civ-spouse,Own-child,HS-grad,34.45714202801423,9.0
32.76424017817608,<=50K,White,Male,Never-married,Own-child,Some-college,57.39665243371307,10.0
45.57721272178104,<=50K,White,Male,Married-civ-spouse,Husband,Some-college,30.60110189738064,10.0
55.73667641683452,<=50K,White,Female,Divorced,Not-in-family,Some-college,31.27138237179653,10.0
30.55956466632179,<=50K,White,Female,Married-civ-spouse,Husband,Assoc-acdm,17.370412306497304,12.0
53.57934760701198,>50K,White,Male,Married-civ-spouse,Husband,Assoc-voc,48.62113922439906,11.0
41.14410506545313,<=50K,White,Male,Married-civ-spouse,Husband,Some-college,89.22848793864831,10.0
33.781479178889,<=50K,Black,Female,Never-married,Not-in-family,HS-grad,38.71740878732537,9.0
45.979782167196404,<=50K,White,Female,Married-civ-spouse,Husband,HS-grad,34.91330985585943,9.0
24.574900301094686,<=50K,White,Male,Separated,Unmarried,Bachelors,23.534203708953154,13.0
30.242948347101652,<=50K,White,Female,Never-married,Not-in-family,Some-college,60.48729303196738,10.0
35.87319995010702,<=50K,White,Male,Married-civ-spouse,Husband,9th,78.23118352396492,5.0
35.78941987174104,<=50K,White,Female,Separated,Unmarried,Some-college,54.3269304579388,10.0
43.78409299428395,<=50K,White,Male,Never-married,Not-in-family,HS-grad,32.41447175428898,9.0
37.54199688465636,<=50K,White,Male,Never-married,Own-child,5th-6th,65.22494451426135,3.0
50.12668682264213,<=50K,White,Female,Married-civ-spouse,Husband,HS-grad,79.62837977357644,9.0
42.87490419389882,<=50K,White,Female,Never-married,Own-child,HS-grad,56.35917677476032,9.0
35.306575096922586,>50K,White,Male,Married-civ-spouse,Husband,Bachelors,18.88701973184232,13.0
38.881990440504495,>50K,White,Male,Married-civ-spouse,Husband,HS-grad,87.07338500420266,9.0
36.49750146807212,<=50K,Other,Male,Never-married,Not-in-family,10th,43.84643539928442,6.0
26.40738595753811,<=50K,White,Female,Married-civ-spouse,Husband,10th,23.0691561853935,6.0
30.155029954199634,<=50K,Other,Male,Never-married,Other-relative,HS-grad,26.120009291667202,9.0
38.70558062198515,<=50K,Black,Female,Never-married,Not-in-family,Bachelors,63.52478974228425,13.0
23.523477554448576,<=50K,White,Male,Married-civ-spouse,Wife,9th,55.00459246425927,5.0
51.22918295699827,<=50K,White,Female,Widowed,Not-in-family,HS-grad,87.86482500880334,9.0
34.08255971123826,<=50K,White,Female,Never-married,Own-child,Bachelors,43.19304530190516,13.0
38.39702701632519,<=50K,White,Female,Never-married,Own-child,Bachelors,19.774442641734446,13.0
28.569217346209005,<=50K,White,Male,Never-married,Not-in-family,Bachelors,83.85746062530752,13.0
30.80844488963276,<=50K,White,Female,Married-civ-spouse,Husband,HS-grad,30.42095755652627,9.0
46.06715267600683,<=50K,White,Male,Never-married,Unmarried,Some-college,29.489665920282647,10.0
55.93979577121652,<=50K,White,Female,Divorced,Not-in-family,HS-grad,88.12298696302945,9.0
29.81084064201956,<=50K,White,Male,Never-married,Other-relative,Assoc-voc,33.38575516346884,11.0
46.59826470422415,<=50K,Black,Female,Married-civ-spouse,Husband,HS-grad,32.49229392321378,9.0
38.77993112306258,>50K,White,Male,Married-civ-spouse,Wife,HS-grad,70.8363771844397,9.0
37.006407167612224,<=50K,White,Male,Never-married,Own-child,Assoc-voc,68.26965903843018,11.0
24.163329385472643,<=50K,White,Male,Never-married,Unmarried,Bachelors,63.36988472663712,13.0
60.75263365586008,<=50K,White,Male,Never-married,Not-in-family,HS-grad,26.8911212871887,9.0
29.308325507771833,>50K,White,Male,Married-civ-spouse,Husband,HS-grad,35.1887638260832,9.0
36.57870385108621,<=50K,White,Male,Married-civ-spouse,Husband,Assoc-acdm,86.5542904116439,12.0
40.0690860430595,<=50K,White,Male,Married-civ-spouse,Husband,HS-grad,74.3520273784386,9.0
44.47903423671868,>50K,White,Male,Married-civ-spouse,Husband,Some-college,61.1114381506752,10.0
40.641809020888346,<=50K,White,Male,Never-married,Own-child,HS-grad,83.94428111366888,9.0
32.70113637298003,<=50K,White,Female,Married-civ-spouse,Husband,10th,67.80736741181903,6.0
29.800304773479013,<=50K,White,Female,Married-civ-spouse,Husband,HS-grad,30.51135405967345,9.0
51.05549757243293,<=50K,Black,Male,Never-married,Not-in-family,Assoc-voc,36.37569971413397,11.0
34.00591720572952,<=50K,White,Male,Divorced,Own-child,Bachelors,54.757067127599235,13.0
28.887571740798737,<=50K,Black,Female,Married-civ-spouse,Wife,Bachelors,54.29041145855546,13.0
32.816796825629396,<=50K,White,Female,Divorced,Not-in-family,11th,29.82005490806616,7.0
56.28257356429377,<=50K,Black,Male,Widowed,Other-relative,10th,46.63683625561738,6.0
33.440276807168964,<=50K,White,Male,Never-married,Other-relative,Assoc-acdm,85.31629122477192,12.0
39.92658658172709,<=50K,White,Female,Married-civ-spouse,Husband,HS-grad,39.47245129130246,9.0
25.97145692986771,<=50K,White,Female,Never-married,Unmarried,HS-grad,79.83379953602767,9.0
18.50307323582948,>50K,White,Female,Married-civ-spouse,Husband,Bachelors,23.03914176325152,13.0
58.77018405434856,>50K,White,Female,Married-civ-spouse,Husband,Prof-school,36.89123332829587,15.0
66.46958363638232,<=50K,White,Male,Divorced,Not-in-family,HS-grad,67.45493474389303,9.0
40.26776622217726,<=50K,White,Female,Never-married,Not-in-family,HS-grad,70.242516415354,9.0
43.71504574460938,<=50K,White,Male,Never-married,Own-child,HS-grad,80.47984138475529,9.0
46.94048436157514,>50K,White,Female,Married-civ-spouse,Husband,Prof-school,20.633193924793794,15.0
8.959046516464383,<=50K,White,Female,Married-civ-spouse,Wife,Some-college,53.2546411495206,10.0
47.33713590341054,<=50K,Black,Female,Separated,Not-in-family,HS-grad,35.49591736092809,9.0
32.599467167899995,<=50K,White,Female,Never-married,Not-in-family,HS-grad,63.33524370264084,9.0
32.09009901824985,>50K,Amer-Indian-Eskimo,Male,Married-civ-spouse,Husband,Assoc-voc,32.87073338475237,11.0
25.55785066843823,<=50K,White,Male,Never-married,Not-in-family,HS-grad,85.89097720451375,9.0
32.15157658646082,<=50K,White,Male,Married-civ-spouse,Husband,Some-college,34.692936018394136,10.0
32.29299512695282,<=50K,White,Male,Separated,Not-in-family,HS-grad,29.751839436410194,9.0
53.950798942908825,<=50K,White,Male,Separated,Not-in-family,10th,38.90319534012632,6.0
49.68709811571492,>50K,White,Male,Married-civ-spouse,Husband,Some-college,66.77626447072151,10.0
54.886126686901676,>50K,White,Male,Never-married,Not-in-family,Some-college,73.15245471246396,10.0
44.13157714663924,<=50K,White,Male,Divorced,Unmarried,Some-college,54.88745753967156,10.0
36.26565695384587,>50K,White,Male,Married-civ-spouse,Husband,Bachelors,51.134491634535756,13.0
27.917849144024796,<=50K,White,Male,Married-civ-spouse,Husband,HS-grad,17.679953493104378,9.0
49.07015550771019,<=50K,White,Male,Married-civ-spouse,Husband,Some-college,22.73629165230975,10.0
40.84810727262766,<=50K,White,Male,Never-married,Not-in-family,Assoc-acdm,24.11719745333516,12.0
29.566419885365583,>50K,White,Male,Married-civ-spouse,Husband,Some-college,85.129204627253,10.0
38.18467914967327,<=50K,White,Female,Married-civ-spouse,Husband,Some-college,19.312565761210823,10.0
29.88960879562468,<=50K,White,Female,Married-civ-spouse,Husband,HS-grad,71.42153737441325,9.0
30.77320087901724,<=50K,Other,Male,Married-civ-spouse,Husband,Masters,34.37356419264074,14.0
45.565762214096644,>50K,White,Male,Married-civ-spouse,Husband,Prof-school,75.99106068290456,15.0
47.80398103505953,<=50K,White,Male,Married-civ-spouse,Husband,HS-grad,74.93618470954911,9.0
36.41521610569154,>50K,White,Male,Married-civ-spouse,Husband,HS-grad,45.8697951730298,9.0
27.58157845749,<=50K,White,Male,Married-civ-spouse,Wife,HS-grad,59.14115846749185,9.0
31.770061978605348,<=50K,Other,Female,Divorced,Not-in-family,7th-8th,28.72651049214578,4.0
37.608571791987465,<=50K,White,Male,Married-civ-spouse,Husband,HS-grad,55.86104437803,9.0
10.947627329308219,<=50K,Black,Male,Never-married,Own-child,HS-grad,63.29001904110684,9.0
31.00027858544052,<=50K,Black,Male,Divorced,Not-in-family,Masters,21.837298821959966,14.0
37.376281930161134,<=50K,White,Male,Never-married,Not-in-family,HS-grad,52.82908061966736,9.0
57.88672620318391,<=50K,White,Female,Never-married,Own-child,HS-grad,29.622724490961964,9.0
25.235319513039755,<=50K,White,Male,Never-married,Own-child,7th-8th,21.490546118137498,4.0
55.09631905232201,<=50K,White,Female,Never-married,Own-child,HS-grad,65.86253983609456,9.0
47.082952263859966,<=50K,White,Male,Never-married,Own-child,HS-grad,70.80160115074388,9.0
30.83753990851382,>50K,White,Male,Married-civ-spouse,Husband,Some-college,61.65964928507569,10.0
56.327475387208125,<=50K,White,Male,Separated,Not-in-family,Some-college,30.430354485091243,10.0
35.07572202982183,<=50K,White,Female,Never-married,Unmarried,Some-college,18.323998127369443,10.0
44.27613992433021,<=50K,White,Male,Married-civ-spouse,Husband,Assoc-voc,68.30777991944727,11.0
42.1318810319769,<=50K,White,Male,Never-married,Not-in-family,Some-college,81.32123771004429,10.0
43.52288674448568,>50K,White,Female,Married-civ-spouse,Husband,HS-grad,44.735717861250066,9.0
45.9699530340134,<=50K,White,Female,Separated,Other-relative,HS-grad,31.648008096035582,9.0
69.06773172557084,<=50K,White,Female,Never-married,Own-child,Some-college,86.65784473474821,10.0
32.285497793247636,<=50K,White,Female,Never-married,Own-child,Assoc-acdm,57.020386339285615,12.0
32.77525057339027,>50K,White,Male,Married-civ-spouse,Husband,Masters,63.61665127298485,14.0
65.16084487482476,>50K,White,Male,Married-civ-spouse,Husband,Some-college,36.75678004830039,10.0
40.174405936574246,>50K,White,Male,Married-civ-spouse,Husband,Masters,49.99345913674833,14.0
42.69986919959644,<=50K,White,Male,Never-married,Own-child,9th,78.81262695165404,5.0
37.15414798931057,>50K,White,Male,Married-civ-spouse,Husband,Some-college,20.31263384075957,10.0
60.61417970998272,<=50K,Asian-Pac-Islander,Female,Widowed,Not-in-family,12th,31.14849989666863,8.0
40.67076846461854,<=50K,White,Female,Never-married,Not-in-family,Some-college,38.35477580697089,10.0
42.97055194390923,>50K,White,Male,Married-civ-spouse,Wife,HS-grad,85.93468234563117,9.0
46.00365286620657,<=50K,White,Female,Married-civ-spouse,Husband,HS-grad,27.685986261195264,9.0
25.00064791232662,<=50K,Black,Female,Divorced,Not-in-family,HS-grad,53.33172956790578,9.0
40.41318372500508,<=50K,White,Female,Married-spouse-absent,Not-in-family,HS-grad,39.23142938136009,9.0
24.787254191359484,<=50K,Asian-Pac-Islander,Male,Never-married,Own-child,10th,47.05732592645013,6.0
50.06737659823714,>50K,White,Male,Married-civ-spouse,Husband,Some-college,79.84007012962998,10.0
28.311062967754015,>50K,White,Male,Married-civ-spouse,Wife,Bachelors,20.753592260533118,13.0
43.18546955421868,<=50K,White,Male,Divorced,Unmarried,Bachelors,68.63475978223389,13.0
42.22872700172702,<=50K,Black,Female,Divorced,Not-in-family,Some-college,73.87371394488511,10.0
28.641761438520895,<=50K,Black,Female,Never-married,Own-child,Some-college,77.88751756936531,10.0
18.215262442977828,<=50K,White,Male,Divorced,Unmarried,Some-college,42.14738742583489,10.0
27.822537970307643,<=50K,White,Male,Never-married,Own-child,Some-college,62.10234538870321,10.0
31.339215155385574,>50K,Asian-Pac-Islander,Male,Married-civ-spouse,Husband,Bachelors,43.72291831085718,13.0
35.05375839485892,<=50K,White,Male,Married-civ-spouse,Husband,HS-grad,84.10942157628453,9.0
22.637150014086863,<=50K,White,Male,Never-married,Own-child,1st-4th,39.71044890107159,2.0
49.54024923438285,<=50K,White,Male,Never-married,Own-child,HS-grad,44.50237532089257,9.0
36.78726782861933,>50K,White,Male,Married-civ-spouse,Husband,HS-grad,85.02313592589846,9.0
31.26144661919691,<=50K,White,Male,Divorced,Not-in-family,10th,87.83853598401161,6.0
43.55832548336731,>50K,White,Male,Married-civ-spouse,Husband,Masters,69.8528805598416,14.0
49.82641493033462,<=50K,White,Female,Married-civ-spouse,Husband,Some-college,38.64027287034523,10.0
43.34808044926135,>50K,White,Male,Married-civ-spouse,Wife,Bachelors,75.6003088641218,13.0
45.87786079400734,<=50K,White,Male,Never-married,Own-child,HS-grad,51.374219857242046,9.0
43.80285469176017,<=50K,Black,Male,Never-married,Not-in-family,10th,89.70189401076284,6.0
23.92019745311574,<=50K,White,Male,Never-married,Not-in-family,Some-college,64.92672412324363,10.0
34.258932659779845,>50K,White,Male,Married-civ-spouse,Husband,Masters,54.70744003869086,14.0
48.3215118149534,<=50K,White,Female,Married-civ-spouse,Wife,Bachelors,67.63150718736625,13.0
41.621878726382235,<=50K,Black,Male,Married-civ-spouse,Husband,HS-grad,81.23992105509286,9.0
37.86648049652794,>50K,White,Male,Divorced,Unmarried,Some-college,48.366048834738436,10.0
34.23272217066911,>50K,White,Male,Married-civ-spouse,Husband,Bachelors,65.72489852607816,13.0
48.525647591307404,>50K,White,Male,Divorced,Not-in-family,HS-grad,54.62763167323277,9.0
51.629669181472224,>50K,White,Male,Divorced,Own-child,Assoc-voc,67.28684371652528,11.0
44.52486929010463,>50K,White,Female,Married-civ-spouse,Husband,Bachelors,86.21345890765026,13.0
25.624388088273413,<=50K,White,Female,Married-civ-spouse,Wife,HS-grad,64.33645727698918,9.0
47.642793612221716,<=50K,White,Male,Divorced,Unmarried,HS-grad,17.600482227464486,9.0
31.383863702664573,<=50K,White,Female,Never-married,Own-child,Assoc-voc,85.86746754309068,11.0
43.40798073161891,<=50K,White,Male,Married-civ-spouse,Husband,Some-college,71.10585241036483,10.0
39.118527697887515,>50K,White,Male,Married-civ-spouse,Husband,Assoc-voc,72.62385315694665,11.0
29.760186013084557,<=50K,Black,Female,Married-civ-spouse,Husband,Assoc-acdm,20.309750375789914,12.0
40.60565439072528,<=50K,White,Male,Never-married,Not-in-family,Bachelors,22.145978181302688,13.0
40.72120428731175,<=50K,White,Male,Never-married,Unmarried,11th,70.23454124365011,7.0
35.57292169798521,>50K,White,Male,Married-civ-spouse,Husband,Some-college,19.273585777494613,10.0
25.794064987530707,>50K,White,Male,Married-civ-spouse,Husband,Bachelors,17.633455994091676,13.0
67.61407160248562,<=50K,White,Female,Divorced,Unmarried,7th-8th,27.91697671756986,4.0
41.164702812374365,>50K,White,Male,Divorced,Not-in-family,Bachelors,46.802610062665664,13.0
37.34534131570007,<=50K,White,Male,Divorced,Unmarried,Assoc-voc,70.03154896278934,11.0
34.43532241733095,>50K,White,Male,Married-civ-spouse,Husband,Masters,50.60461565418866,14.0
42.89875150750354,<=50K,White,Male,Never-married,Not-in-family,Bachelors,56.20171245369465,13.0
39.64481714882309,<=50K,White,Male,Divorced,Not-in-family,11th,17.86548960595798,7.0
30.32020993393673,<=50K,White,Female,Married-civ-spouse,Husband,HS-grad,39.6942639972463,9.0
62.78383990320135,>50K,White,Male,Married-civ-spouse,Husband,Some-college,51.10300969136762,10.0
35.922059882594084,<=50K,Black,Female,Married-civ-spouse,Husband,Some-college,84.01631334892191,10.0
64.77193898048125,<=50K,White,Male,Never-married,Own-child,HS-grad,76.01484571759902,9.0
42.493857294425226,<=50K,White,Female,Married-civ-spouse,Husband,Some-college,45.52309798849984,10.0
28.578161133587813,<=50K,White,Female,Divorced,Not-in-family,Assoc-acdm,57.101034822616136,12.0
33.014411416324535,>50K,White,Male,Never-married,Not-in-family,Prof-school,38.59320503250606,15.0
38.17565183065927,>50K,White,Male,Married-civ-spouse,Husband,Bachelors,48.45796929270803,13.0
24.90449240060311,<=50K,Black,Male,Divorced,Own-child,HS-grad,69.87952976716014,9.0
23.312853289943497,<=50K,White,Female,Divorced,Unmarried,10th,37.039597168034334,6.0
34.50539136369859,>50K,White,Male,Married-civ-spouse,Husband,Doctorate,40.7969914024107,16.0
45.315395430667934,<=50K,White,Male,Never-married,Own-child,9th,73.07278784051385,5.0
36.94330275623971,<=50K,White,Male,Divorced,Unmarried,9th,48.52474030092708,5.0
43.25535751272658,<=50K,Asian-Pac-Islander,Male,Never-married,Own-child,HS-grad,51.07809529451744,9.0
30.96328427994856,<=50K,White,Male,Divorced,Unmarried,Some-college,61.66995876512954,10.0
32.0234409604501,<=50K,White,Female,Married-civ-spouse,Husband,HS-grad,87.75040777135838,9.0
39.010171895022346,>50K,White,Male,Married-civ-spouse,Husband,Some-college,61.488213270189334,10.0
42.9157893993026,>50K,White,Male,Married-civ-spouse,Husband,Prof-school,31.75527689387802,15.0
27.388619843511712,<=50K,White,Male,Divorced,Unmarried,Preschool,58.98634974943873,1.0
49.75876196331486,>50K,White,Male,Married-civ-spouse,Husband,Prof-school,50.334304516925535,15.0
58.25966705043689,<=50K,Asian-Pac-Islander,Male,Never-married,Own-child,Some-college,21.853973959687252,10.0
53.14670831965721,<=50K,White,Male,Never-married,Own-child,HS-grad,28.587501277168478,9.0
58.745162771746905,<=50K,White,Male,Married-civ-spouse,Husband,12th,20.67004733005755,8.0
52.99278456318214,<=50K,White,Male,Never-married,Own-child,Some-college,21.271981511449304,10.0
45.3551256251803,<=50K,Black,Male,Never-married,Other-relative,HS-grad,33.2441848592088,9.0
55.48469991221243,<=50K,White,Female,Married-civ-spouse,Wife,Some-college,84.43493808903997,10.0
50.54967020725339,<=50K,White,Male,Married-civ-spouse,Wife,Some-college,78.01193011428731,10.0
43.69397255585134,<=50K,White,Male,Divorced,Unmarried,HS-grad,80.68802482274894,9.0
58.49294234102167,<=50K,White,Male,Married-civ-spouse,Husband,Bachelors,44.09374882871877,13.0
45.020720370281325,<=50K,White,Male,Never-married,Unmarried,Some-college,62.778714618705024,10.0
41.8436516253607,<=50K,White,Female,Never-married,Not-in-family,HS-grad,25.720151102600905,9.0
26.256242088005934,<=50K,White,Male,Never-married,Not-in-family,HS-grad,66.30855673391613,9.0
19.694493771527352,>50K,White,Male,Married-civ-spouse,Husband,Bachelors,52.487192897523116,13.0
24.647528762630586,<=50K,White,Female,Never-married,Own-child,Bachelors,58.56788072552083,13.0
50.52644526897307,>50K,Black,Male,Married-civ-spouse,Husband,Some-college,45.936707845155055,10.0
32.07842953139704,<=50K,White,Male,Married-civ-spouse,Husband,Prof-school,82.654848970416,15.0
26.73035106560019,<=50K,White,Male,Never-married,Own-child,11th,59.32117468852284,7.0
43.35540941355956,<=50K,White,Male,Married-civ-spouse,Husband,Some-college,27.3215991200657,10.0
42.63695318288964,<=50K,White,Female,Never-married,Not-in-family,Some-college,69.05746225413894,10.0
15.48537967832836,<=50K,White,Female,Divorced,Unmarried,Some-college,45.87167357122888,10.0
43.44210322760358,>50K,Asian-Pac-Islander,Male,Married-civ-spouse,Husband,Bachelors,42.49225962317222,13.0
44.04506318527575,>50K,White,Male,Divorced,Unmarried,Masters,52.58100557594304,14.0
64.4021327092741,<=50K,Black,Male,Married-civ-spouse,Husband,HS-grad,27.476192022763932,9.0
39.18424283491084,>50K,White,Male,Married-civ-spouse,Wife,Assoc-acdm,76.19984874100905,12.0
52.075106048382715,<=50K,Asian-Pac-Islander,Female,Never-married,Own-child,Some-college,49.90125675166695,10.0
71.69559838191817,>50K,White,Female,Married-civ-spouse,Husband,Some-college,82.98452228831874,10.0
53.959887838653934,>50K,White,Male,Married-civ-spouse,Husband,Bachelors,79.5408762033725,13.0
54.82705686444991,<=50K,White,Female,Widowed,Not-in-family,Some-college,19.63189284959865,10.0
53.61054132116674,>50K,White,Male,Never-married,Not-in-family,Prof-school,79.98989133351142,15.0
51.1808284147521,>50K,White,Male,Married-civ-spouse,Wife,Some-college,56.2736179096419,10.0
33.25378501544342,<=50K,White,Male,Married-civ-spouse,Husband,Assoc-voc,35.3378804796003,11.0
33.71517203640062,<=50K,White,Male,Never-married,Not-in-family,Some-college,50.559787593470354,10.0
29.784512720132483,<=50K,Black,Male,Never-married,Not-in-family,Some-college,39.624258107494725,10.0
25.91869607600494,>50K,White,Male,Married-civ-spouse,Husband,Some-college,61.170577313772064,10.0
51.35486254121402,<=50K,White,Female,Never-married,Not-in-family,7th-8th,81.96237631410503,4.0
45.611093552608075,<=50K,Black,Male,Never-married,Not-in-family,Some-college,37.343470984703316,10.0
52.760794362897144,<=50K,White,Male,Married-civ-spouse,Husband,HS-grad,43.469407207857124,9.0
24.8229111529951,>50K,White,Male,Married-civ-spouse,Husband,Bachelors,42.97141812386752,13.0
36.97759749450129,<=50K,White,Male,Never-married,Unmarried,Bachelors,37.306185448449895,13.0
20.103390047295136,<=50K,White,Female,Never-married,Own-child,Assoc-acdm,22.852211221622987,12.0
49.148207331482624,<=50K,White,Female,Married-civ-spouse,Husband,HS-grad,86.42344448061522,9.0
28.117547951763,<=50K,Black,Male,Married-civ-spouse,Husband,11th,70.52333420060071,7.0
45.447319430497124,>50K,White,Male,Married-civ-spouse,Husband,HS-grad,46.01162830830492,9.0
37.01658408731063,>50K,White,Male,Married-civ-spouse,Husband,Bachelors,27.899234163844056,13.0
37.83780388431792,>50K,White,Male,Married-civ-spouse,Husband,Masters,83.90909059131856,14.0
41.00984459026424,<=50K,White,Male,Married-civ-spouse,Husband,HS-grad,36.92881597488936,9.0
24.872764846036162,<=50K,White,Male,Married-civ-spouse,Husband,Some-college,46.71836597587806,10.0
57.28197550730418,<=50K,White,Female,Married-civ-spouse,Husband,HS-grad,72.87846905975205,9.0
22.25053079184958,>50K,White,Male,Married-civ-spouse,Husband,HS-grad,57.818562300543725,9.0
46.16670470449105,<=50K,Black,Male,Never-married,Own-child,HS-grad,27.071181528653515,9.0
52.01244430065975,<=50K,White,Male,Never-married,Own-child,HS-grad,35.39406073747264,9.0
32.413756843042464,<=50K,Amer-Indian-Eskimo,Male,Divorced,Not-in-family,HS-grad,17.559523827550215,9.0
51.848675327112616,<=50K,White,Female,Married-civ-spouse,Husband,Assoc-acdm,52.755135023149144,12.0
29.768876385882933,<=50K,White,Male,Divorced,Unmarried,9th,54.31188559776289,5.0
29.89792633852616,<=50K,White,Male,Never-married,Own-child,Some-college,80.71922064018742,10.0
40.751042114548646,>50K,White,Male,Married-civ-spouse,Husband,HS-grad,42.179336030092685,9.0
43.882109860273246,<=50K,Black,Male,Widowed,Unmarried,HS-grad,82.26908050024244,9.0
38.240265808111005,<=50K,White,Female,Never-married,Not-in-family,11th,29.28156977074095,7.0
35.67748815189319,<=50K,White,Male,Married-civ-spouse,Husband,HS-grad,60.15920986720375,9.0
43.48214249277749,<=50K,White,Female,Never-married,Own-child,7th-8th,17.19974431488187,4.0
27.077536199902006,<=50K,White,Male,Married-civ-spouse,Husband,Some-college,36.297547871274226,10.0
41.252824631756006,<=50K,White,Female,Married-civ-spouse,Husband,Bachelors,46.8096358167485,13.0
31.85372084140379,>50K,White,Male,Married-civ-spouse,Wife,Some-college,86.61819272435316,10.0
21.67979228260696,>50K,White,Male,Married-civ-spouse,Husband,Bachelors,85.36831707775697,13.0
46.20829823968927,<=50K,White,Male,Married-civ-spouse,Wife,HS-grad,24.51089589858024,9.0
36.32418321545074,<=50K,Black,Male,Never-married,Own-child,Some-college,88.98841811237081,10.0
81.66425913300166,<=50K,White,Male,Divorced,Unmarried,7th-8th,42.82616874251819,4.0
39.882890986517566,<=50K,Black,Male,Married-spouse-absent,Not-in-family,Some-college,48.704407550231885,10.0
42.52618999582569,<=50K,White,Female,Married-civ-spouse,Husband,Some-college,88.49715444691181,10.0
30.479425668481966,>50K,White,Male,Married-civ-spouse,Husband,Assoc-voc,25.703966306277042,11.0
33.163280865927085,<=50K,Black,Male,Never-married,Not-in-family,HS-grad,23.873201476813126,9.0
44.523252708780674,<=50K,White,Male,Never-married,Not-in-family,HS-grad,75.83288152810445,9.0
24.0174115531361,>50K,White,Male,Married-civ-spouse,Husband,Bachelors,89.08187475899605,13.0
52.071553994766354,<=50K,White,Male,Divorced,Not-in-family,HS-grad,17.458804583283705,9.0
17.652917153083372,<=50K,White,Male,Never-married,Own-child,HS-grad,28.229197997283094,9.0
50.603122196095896,>50K,White,Male,Married-civ-spouse,Husband,Masters,73.21198847813704,14.0
53.96128243817459,<=50K,Other,Male,Never-married,Unmarried,7th-8th,29.880339565961435,4.0
7.929872977882152,>50K,White,Male,Married-civ-spouse,Husband,Bachelors,39.24253648229981,13.0
18.094557929994654,<=50K,White,Male,Married-civ-spouse,Husband,Bachelors,67.7494954722469,13.0
26.297812181599383,<=50K,White,Male,Never-married,Not-in-family,HS-grad,72.49140718409677,9.0
55.979570535969515,>50K,White,Male,Married-spouse-absent,Not-in-family,Assoc-acdm,56.558419199834844,12.0
48.11936571902692,<=50K,White,Male,Married-civ-spouse,Wife,Prof-school,79.78795588354585,15.0
19.85350262896064,<=50K,White,Female,Separated,Unmarried,9th,86.48909413693019,5.0
29.685705875792674,<=50K,Black,Male,Never-married,Own-child,Bachelors,58.522192618205466,13.0
44.93311296718626,>50K,White,Male,Married-civ-spouse,Husband,Bachelors,31.33658749829226,13.0
49.048843117257036,<=50K,White,Female,Never-married,Own-child,11th,53.54195002087486,7.0
29.068784884560706,<=50K,Black,Male,Married-civ-spouse,Wife,Assoc-acdm,57.36789372961541,12.0
30.159035888904832,>50K,White,Male,Married-civ-spouse,Husband,HS-grad,65.48815441285838,9.0
51.17226741742012,>50K,White,Male,Married-civ-spouse,Husband,HS-grad,39.62297727043591,9.0
26.489391109544194,<=50K,White,Male,Never-married,Not-in-family,12th,21.385617474714024,8.0
26.796371488770983,<=50K,White,Male,Divorced,Not-in-family,HS-grad,19.057816654470827,9.0
50.648954331212884,<=50K,White,Male,Never-married,Own-child,Some-college,24.1514830928613,10.0
41.02871390884545,<=50K,Black,Male,Never-married,Not-in-family,Assoc-voc,73.1592886370156,11.0
56.394400627422456,<=50K,White,Female,Never-married,Not-in-family,Some-college,39.29692414676029,10.0
36.417878665524505,<=50K,White,Female,Never-married,Other-relative,HS-grad,88.66366717977516,9.0
50.02842870014577,<=50K,White,Male,Never-married,Not-in-family,Some-college,52.41532914632492,10.0
43.23371761371541,<=50K,White,Female,Never-married,Not-in-family,Some-college,32.031929534663234,10.0
37.03765492366975,>50K,White,Male,Married-civ-spouse,Husband,HS-grad,24.847528149248014,9.0
49.620863189176696,<=50K,Asian-Pac-Islander,Male,Never-married,Own-child,HS-grad,55.33026304122451,9.0
23.838835540404368,<=50K,White,Male,Married-civ-spouse,Husband,Some-college,34.17869239858183,10.0
30.876007768451544,<=50K,White,Female,Separated,Other-relative,10th,22.579331428412267,6.0
44.18737524028491,<=50K,White,Male,Divorced,Not-in-family,HS-grad,80.65819581779621,9.0
47.55634733754321,<=50K,White,Male,Married-civ-spouse,Husband,HS-grad,86.85089763115035,9.0
38.167903023366655,<=50K,White,Male,Never-married,Own-child,Some-college,49.95760809096682,10.0
46.615474757265766,<=50K,White,Female,Never-married,Own-child,Masters,49.475644946852185,14.0
56.694906337376345,<=50K,White,Male,Never-married,Own-child,HS-grad,65.34905880380475,9.0
31.63124272489058,>50K,White,Male,Married-civ-spouse,Husband,HS-grad,18.229007548835323,9.0
40.00341005182665,<=50K,White,Female,Never-married,Own-child,Some-college,70.18124066471877,10.0
36.235191252358874,>50K,White,Male,Married-civ-spouse,Husband,Doctorate,20.50793362441708,16.0
36.54553879770579,<=50K,White,Male,Married-civ-spouse,Husband,Doctorate,39.1176746781775,16.0
44.848062737765815,<=50K,White,Male,Never-married,Other-relative,HS-grad,76.0944592059421,9.0
43.28189104444794,<=50K,Black,Male,Widowed,Unmarried,HS-grad,52.7965559421563,9.0
42.60101111074809,<=50K,Amer-Indian-Eskimo,Female,Married-civ-spouse,Husband,Some-college,56.152416096653624,10.0
43.93656393499361,<=50K,Amer-Indian-Eskimo,Male,Married-civ-spouse,Husband,Some-college,36.704160857862306,10.0
48.0894087023091,<=50K,Amer-Indian-Eskimo,Male,Divorced,Not-in-family,Bachelors,22.484428950101222,13.0
51.640017021939116,<=50K,Asian-Pac-Islander,Male,Married-civ-spouse,Husband,Assoc-voc,31.34520398144118,11.0
49.8104221068764,>50K,White,Male,Married-civ-spouse,Husband,HS-grad,65.71219963119381,9.0
34.13745280891246,<=50K,White,Male,Married-civ-spouse,Husband,11th,66.1576250316376,7.0
39.92000465769801,<=50K,White,Male,Never-married,Own-child,HS-grad,67.68691461032887,9.0
38.41007514718167,<=50K,Black,Female,Divorced,Not-in-family,Some-college,35.0978289254401,10.0
32.90276279406567,>50K,White,Male,Never-married,Own-child,HS-grad,85.13684439758154,9.0
28.341509064011557,<=50K,White,Female,Never-married,Own-child,10th,22.25106518579348,6.0
24.14092844928132,<=50K,White,Female,Never-married,Own-child,HS-grad,28.492113208925502,9.0
32.765860117149174,>50K,White,Male,Married-civ-spouse,Husband,HS-grad,32.7032209137692,9.0
34.90871656371127,<=50K,White,Female,Married-civ-spouse,Husband,11th,50.53443919237524,7.0
49.437845685239694,>50K,White,Female,Married-civ-spouse,Husband,Bachelors,74.99472606739278,13.0
27.615709993590578,<=50K,White,Female,Divorced,Own-child,10th,38.08370644399107,6.0
46.18820437276932,<=50K,White,Male,Divorced,Own-child,HS-grad,77.95364239901127,9.0
38.925391285940876,<=50K,White,Male,Never-married,Not-in-family,HS-grad,50.822372283861,9.0
35.23710319187144,>50K,Other,Female,Never-married,Own-child,Assoc-acdm,19.94423727323104,12.0
13.162039337042913,<=50K,White,Male,Never-married,Own-child,Some-college,43.53916812087777,10.0
48.110757575386295,<=50K,White,Male,Married-civ-spouse,Husband,HS-grad,82.58647617840528,9.0
47.452989163870356,<=50K,White,Female,Divorced,Not-in-family,7th-8th,18.155075962084158,4.0
28.27932167368603,>50K,White,Male,Married-civ-spouse,Husband,Bachelors,25.89683895785953,13.0
50.180699994420976,<=50K,White,Male,Married-civ-spouse,Husband,Assoc-acdm,73.73827155673112,12.0
33.5864359990929,<=50K,White,Female,Married-civ-spouse,Husband,Bachelors,66.84403006720575,13.0
24.671503644970176,<=50K,Black,Female,Never-married,Not-in-family,HS-grad,77.68840330494245,9.0
64.09484062839482,>50K,White,Male,Married-civ-spouse,Husband,Prof-school,55.69494190953755,15.0
47.6821909567901,<=50K,White,Male,Never-married,Own-child,Some-college,68.6468325036277,10.0
32.18742063258454,>50K,White,Male,Married-civ-spouse,Husband,Bachelors,63.51597942980476,13.0
37.59791835182445,>50K,White,Male,Widowed,Not-in-family,Bachelors,20.786964554337633,13.0
29.17671535082747,<=50K,Black,Female,Married-civ-spouse,Husband,HS-grad,21.739641286800925,9.0
34.69757743488189,<=50K,White,Male,Divorced,Not-in-family,7th-8th,67.4654634610917,4.0
24.22207063171004,<=50K,White,Male,Divorced,Unmarried,12th,56.52085512232838,8.0
57.64231965294971,<=50K,White,Female,Married-civ-spouse,Husband,5th-6th,45.31175929776756,3.0
49.50927603838505,<=50K,White,Male,Never-married,Not-in-family,HS-grad,32.97937696836242,9.0
52.87711665057321,<=50K,Asian-Pac-Islander,Male,Married-civ-spouse,Husband,7th-8th,31.30145092815949,4.0
49.78061361291637,<=50K,White,Female,Never-married,Own-child,Some-college,48.94382081867555,10.0
38.87065008453608,<=50K,White,Female,Widowed,Unmarried,11th,76.48678320322804,7.0
35.16661344322305,<=50K,White,Male,Never-married,Own-child,11th,37.454417638345085,7.0
22.71575017431743,<=50K,White,Female,Divorced,Other-relative,HS-grad,22.59450818802663,9.0
37.55849511712695,<=50K,White,Male,Married-spouse-absent,Other-relative,Assoc-voc,79.88933399201291,11.0
45.96148087200737,<=50K,White,Male,Married-civ-spouse,Husband,Some-college,58.61441829491149,10.0
32.06839615086472,>50K,White,Male,Married-civ-spouse,Husband,Prof-school,25.677375142613357,15.0
64.82558962617836,<=50K,White,Male,Never-married,Not-in-family,Assoc-voc,73.06742874865782,11.0
46.69950488590343,<=50K,White,Male,Married-civ-spouse,Husband,Some-college,36.490268424147956,10.0
41.9250841115226,<=50K,White,Male,Divorced,Unmarried,Assoc-voc,76.87718473706752,11.0
50.7345138028316,<=50K,Black,Male,Divorced,Unmarried,Some-college,84.51095046730472,10.0
44.46121880156624,<=50K,White,Male,Divorced,Other-relative,Assoc-acdm,33.980834859528784,12.0
27.174038562673594,<=50K,Asian-Pac-Islander,Female,Married-civ-spouse,Husband,HS-grad,38.05896780745999,9.0
43.4069343609734,<=50K,White,Male,Never-married,Own-child,Some-college,89.02222566907503,10.0
35.02485764259835,<=50K,White,Female,Never-married,Own-child,HS-grad,57.31434310554364,9.0
28.662873351268722,>50K,Amer-Indian-Eskimo,Male,Married-civ-spouse,Husband,Bachelors,63.48773063139917,13.0
57.04181984071268,<=50K,White,Male,Married-civ-spouse,Wife,Some-college,86.08397283856151,10.0
43.79903105088372,>50K,White,Male,Married-civ-spouse,Husband,Some-college,49.104005712636145,10.0
45.93699143664992,<=50K,White,Female,Married-civ-spouse,Husband,Some-college,34.46589061554917,10.0
41.585701340378805,<=50K,Black,Female,Never-married,Own-child,HS-grad,75.79377833051163,9.0
38.79381056005849,<=50K,White,Female,Never-married,Other-relative,Some-college,47.84848252408051,10.0
45.913350486825244,<=50K,Black,Female,Married-civ-spouse,Husband,HS-grad,23.512634847896887,9.0
42.81074912898954,<=50K,White,Female,Married-civ-spouse,Wife,HS-grad,48.71769263884911,9.0
46.38673596342651,<=50K,White,Female,Never-married,Not-in-family,Some-college,45.4804651751717,10.0
42.07455671806575,<=50K,White,Female,Never-married,Own-child,Preschool,22.47664041876329,1.0
49.21328399052105,>50K,White,Female,Married-civ-spouse,Husband,Assoc-acdm,29.568025577860794,12.0
63.4734740332227,>50K,White,Male,Married-civ-spouse,Husband,Masters,83.93419933850964,14.0
43.92710382373013,>50K,White,Male,Married-civ-spouse,Husband,HS-grad,58.83430735698309,9.0
38.13542900385295,<=50K,Black,Female,Married-civ-spouse,Husband,11th,87.43601670317011,7.0
43.16718146125007,<=50K,White,Male,Never-married,Own-child,Some-college,40.91156378931902,10.0
45.88129237522219,<=50K,Black,Female,Married-civ-spouse,Husband,HS-grad,68.65456859890375,9.0
45.891486254682405,>50K,White,Male,Never-married,Not-in-family,HS-grad,41.25726486099413,9.0
22.59979690065123,>50K,White,Male,Never-married,Not-in-family,Doctorate,71.39767358329424,16.0
34.4398162891529,<=50K,White,Male,Married-civ-spouse,Own-child,HS-grad,51.868731414635725,9.0
13.713116844545755,<=50K,White,Female,Never-married,Unmarried,HS-grad,66.6616232475275,9.0
57.10836392901493,<=50K,Asian-Pac-Islander,Male,Divorced,Not-in-family,5th-6th,32.85285419007174,3.0
41.47210669388208,<=50K,White,Male,Married-civ-spouse,Wife,Assoc-acdm,84.88585595666812,12.0
34.020219886513125,<=50K,White,Male,Married-civ-spouse,Husband,Assoc-acdm,57.59184034076144,12.0
48.073392612856985,>50K,White,Male,Married-civ-spouse,Husband,Bachelors,61.6036736123961,13.0
35.407608073290575,<=50K,White,Female,Never-married,Unmarried,HS-grad,18.283123773855948,9.0
53.19432473058088,<=50K,White,Male,Divorced,Not-in-family,Masters,59.909864315716156,14.0
26.55455318121733,>50K,White,Male,Married-civ-spouse,Husband,Masters,42.94765968855425,14.0
27.89462726178331,<=50K,Black,Male,Married-civ-spouse,Husband,Masters,60.035777510729005,14.0
40.14894054523458,<=50K,White,Male,Widowed,Unmarried,11th,58.097684846109075,7.0
24.241579283169173,<=50K,White,Female,Married-civ-spouse,Husband,Some-college,80.19009120644142,10.0
72.0253563969116,<=50K,White,Male,Married-civ-spouse,Husband,HS-grad,18.561898713862256,9.0
55.57240347217944,>50K,White,Female,Married-civ-spouse,Husband,Bachelors,63.8007399522671,13.0
30.68030466924952,>50K,White,Male,Married-civ-spouse,Husband,HS-grad,30.93376540684112,9.0
44.860824543465995,>50K,White,Male,Married-civ-spouse,Husband,Assoc-voc,34.77561425783066,11.0
30.37129405063909,<=50K,White,Male,Separated,Not-in-family,Bachelors,71.85270512454376,13.0
41.430869271569186,<=50K,White,Male,Widowed,Not-in-family,Some-college,82.03239610154813,10.0
41.831163493851,<=50K,White,Female,Never-married,Not-in-family,Some-college,52.39737468878086,10.0
48.39922018338231,<=50K,White,Male,Married-civ-spouse,Husband,HS-grad,85.10084781241646,9.0
61.04715136538629,>50K,Amer-Indian-Eskimo,Male,Married-civ-spouse,Husband,Bachelors,32.35922575391049,13.0
33.1185002675681,>50K,White,Male,Married-civ-spouse,Husband,Some-college,53.05101463816646,10.0
28.347823325471023,>50K,Asian-Pac-Islander,Male,Never-married,Own-child,Prof-school,26.070529180993642,15.0
56.471151934531164,<=50K,White,Male,Never-married,Own-child,10th,25.845418874620208,6.0
51.97069486127882,<=50K,White,Female,Divorced,Unmarried,7th-8th,44.6748607488683,4.0
24.90282813565942,<=50K,Black,Male,Married-civ-spouse,Husband,Assoc-acdm,48.654010209859685,12.0
33.43006299812672,<=50K,Asian-Pac-Islander,Male,Married-civ-spouse,Husband,Some-college,40.10026191575828,10.0
32.71825182854605,<=50K,White,Female,Married-civ-spouse,Husband,HS-grad,43.47392842842305,9.0
39.47949633538715,<=50K,White,Female,Married-civ-spouse,Husband,Some-college,38.239724195172386,10.0
72.01666419877341,<=50K,Asian-Pac-Islander,Female,Married-spouse-absent,Not-in-family,Some-college,25.824112864901505,10.0
41.242355307408396,<=50K,White,Female,Married-civ-spouse,Husband,Some-college,48.409649937554846,10.0
33.21424252902264,>50K,White,Male,Married-civ-spouse,Wife,Bachelors,29.37600703934298,13.0
22.32200874409393,>50K,White,Male,Married-civ-spouse,Husband,Bachelors,36.356260729113856,13.0
30.091325914008898,>50K,White,Male,Married-civ-spouse,Wife,Masters,56.07233243486175,14.0
63.07211099934482,<=50K,White,Male,Married-civ-spouse,Husband,Some-college,82.07236155799559,10.0
51.07834627293281,<=50K,White,Male,Never-married,Not-in-family,Assoc-acdm,20.664159218434946,12.0
43.15141934587111,<=50K,White,Female,Married-civ-spouse,Husband,HS-grad,39.18785409988713,9.0
37.905171006651244,<=50K,White,Female,Never-married,Not-in-family,HS-grad,82.02126971733631,9.0
53.06334883128075,>50K,White,Male,Married-civ-spouse,Husband,HS-grad,52.70252513969671,9.0
61.61455409399248,<=50K,Black,Female,Never-married,Own-child,Bachelors,59.811001410632244,13.0
48.670145038826135,>50K,White,Female,Married-civ-spouse,Husband,Some-college,57.28640232962347,10.0
34.179834212466815,>50K,White,Male,Married-civ-spouse,Husband,Bachelors,71.5695600385817,13.0
42.15604634475453,<=50K,White,Male,Married-civ-spouse,Husband,Bachelors,41.94362710651298,13.0
28.930823354304675,<=50K,White,Female,Divorced,Not-in-family,HS-grad,23.20881672620233,9.0
43.72608920078053,>50K,White,Male,Married-civ-spouse,Wife,Assoc-acdm,55.952041670205865,12.0
42.48251942769824,<=50K,White,Female,Married-civ-spouse,Wife,HS-grad,72.96456101852074,9.0
48.49514991397585,<=50K,Other,Female,Married-civ-spouse,Husband,12th,32.501373691595845,8.0
53.32357014781623,<=50K,White,Male,Married-civ-spouse,Husband,Assoc-acdm,59.058730960793156,12.0
38.659110098798266,<=50K,White,Male,Never-married,Not-in-family,Bachelors,29.167300465210516,13.0
44.0235036440907,<=50K,White,Female,Never-married,Not-in-family,Masters,68.49531847282958,14.0
40.810499292256864,<=50K,White,Female,Married-civ-spouse,Husband,HS-grad,65.7331956994363,9.0
19.083287814067784,>50K,Asian-Pac-Islander,Male,Married-civ-spouse,Husband,Masters,24.63583148848365,14.0
52.677754864578446,<=50K,Black,Male,Divorced,Not-in-family,HS-grad,66.07185278926939,9.0
22.438726541582824,<=50K,White,Female,Married-civ-spouse,Husband,Some-college,62.23332676352643,10.0
43.06843045280011,<=50K,White,Male,Divorced,Own-child,7th-8th,44.63117833755828,4.0
42.47756000136709,<=50K,White,Male,Never-married,Not-in-family,Some-college,73.50173536267897,10.0
36.6079792160229,<=50K,White,Male,Never-married,Own-child,Some-college,19.078408079796045,10.0
37.08139234111278,>50K,White,Male,Married-civ-spouse,Husband,Bachelors,60.247199774764894,13.0
17.088904433697166,<=50K,White,Male,Never-married,Own-child,HS-grad,44.35548860363707,9.0
18.158950047710395,<=50K,White,Female,Separated,Unmarried,11th,51.059022881363795,7.0
36.44236654941967,<=50K,White,Female,Married-civ-spouse,Husband,7th-8th,84.9117003965906,4.0
30.896538106573747,<=50K,White,Male,Married-civ-spouse,Wife,Assoc-acdm,41.27465218542996,12.0
41.32954690700935,>50K,White,Male,Widowed,Unmarried,Bachelors,69.22971615767092,13.0
19.831091886580996,>50K,White,Female,Married-civ-spouse,Husband,HS-grad,34.940757495565336,9.0
46.93023235826188,<=50K,White,Male,Divorced,Not-in-family,Some-college,42.51232728306226,10.0
28.094434760446738,<=50K,Amer-Indian-Eskimo,Female,Divorced,Not-in-family,Bachelors,53.420462154113245,13.0
34.63951234827532,<=50K,Black,Male,Married-civ-spouse,Husband,11th,68.77645857682847,7.0
27.095917856359925,<=50K,White,Male,Separated,Own-child,11th,64.20548366796686,7.0
29.887608585575528,<=50K,White,Male,Married-civ-spouse,Husband,Some-college,83.88905458095546,10.0
32.656188853788876,<=50K,White,Female,Never-married,Other-relative,11th,29.220168821578962,7.0
49.827868116725206,<=50K,White,Female,Married-civ-spouse,Husband,7th-8th,51.10422019166973,4.0
29.19967609382924,<=50K,White,Male,Never-married,Other-relative,Some-college,23.09621944030866,10.0
51.88925381961704,<=50K,White,Female,Married-civ-spouse,Husband,HS-grad,61.247185839380975,9.0
14.552153269348967,>50K,White,Male,Married-civ-spouse,Husband,Doctorate,44.40441560115602,16.0
49.230923160031764,<=50K,Black,Female,Divorced,Unmarried,12th,40.96029110904877,8.0
23.34217551124762,<=50K,White,Male,Married-civ-spouse,Husband,Some-college,60.53403898976368,10.0
56.45994884306812,<=50K,White,Male,Separated,Unmarried,HS-grad,69.87498267194398,9.0
41.44633851644605,<=50K,White,Male,Never-married,Not-in-family,Some-college,27.740383431639337,10.0
41.87435685426099,<=50K,Black,Female,Never-married,Own-child,HS-grad,17.278085288787903,9.0
55.84480529784628,<=50K,White,Female,Married-civ-spouse,Husband,9th,20.30313619871576,5.0
37.166583930696476,<=50K,White,Female,Divorced,Unmarried,7th-8th,87.95344241625054,4.0
39.69763508162907,<=50K,White,Female,Divorced,Own-child,Some-college,89.88232036880113,10.0
17.960133356123503,<=50K,White,Male,Divorced,Unmarried,HS-grad,66.04032691901111,9.0
57.11113569578843,<=50K,White,Female,Never-married,Other-relative,HS-grad,36.8801199754988,9.0
33.75527514233793,<=50K,White,Male,Widowed,Not-in-family,Bachelors,18.320259925658252,13.0
38.33072357171223,<=50K,White,Female,Married-civ-spouse,Husband,Assoc-voc,61.40977091961686,11.0
55.01591569748415,>50K,White,Female,Married-civ-spouse,Husband,HS-grad,84.0530929796382,9.0
54.75799312243892,<=50K,White,Male,Never-married,Not-in-family,HS-grad,64.76389153311851,9.0
21.340967406137977,<=50K,White,Male,Widowed,Not-in-family,HS-grad,31.539220271426117,9.0
43.75863937930544,<=50K,White,Female,Never-married,Not-in-family,Bachelors,85.43717707278759,13.0
34.828927067086866,<=50K,White,Female,Never-married,Not-in-family,HS-grad,64.94081910620834,9.0
58.82968104565228,<=50K,White,Male,Married-civ-spouse,Wife,Assoc-voc,52.8405863017018,11.0
55.432063195677415,>50K,White,Male,Divorced,Not-in-family,Bachelors,28.349105913599324,13.0
24.686096873238682,<=50K,White,Female,Widowed,Not-in-family,HS-grad,72.00518647145299,9.0
37.63075161592256,<=50K,White,Female,Never-married,Not-in-family,10th,87.81662036829937,6.0
27.15896388636282,<=50K,White,Female,Married-civ-spouse,Husband,7th-8th,67.04665923076482,4.0
49.459470848823344,<=50K,White,Male,Never-married,Not-in-family,11th,43.095709246332554,7.0
38.931637455939125,<=50K,White,Female,Never-married,Not-in-family,HS-grad,64.97334510288363,9.0
45.49824402832251,<=50K,Black,Male,Married-civ-spouse,Husband,HS-grad,66.19669967668995,9.0
35.24888728599405,>50K,White,Male,Married-civ-spouse,Wife,Masters,20.101736393137223,14.0
48.48110746034851,<=50K,White,Male,Divorced,Unmarried,11th,67.72771717647525,7.0
16.504273755476397,<=50K,Asian-Pac-Islander,Male,Married-civ-spouse,Husband,HS-grad,40.859441824164904,9.0
46.332053955071366,<=50K,White,Male,Married-civ-spouse,Husband,Bachelors,27.98030166679893,13.0
49.40252931190314,<=50K,White,Female,Divorced,Unmarried,Masters,60.545564664771845,14.0
41.83428233726287,<=50K,Asian-Pac-Islander,Male,Married-civ-spouse,Husband,9th,53.81374319995558,5.0
39.67405734424253,<=50K,White,Female,Never-married,Not-in-family,10th,19.931196143497186,6.0
36.95431003953682,>50K,White,Female,Married-civ-spouse,Husband,Bachelors,61.88569323539186,13.0
17.787232591015584,<=50K,White,Female,Never-married,Own-child,Assoc-acdm,22.17249441470439,12.0
40.68707045719514,<=50K,White,Male,Never-married,Own-child,Some-college,69.51419506183717,10.0
30.06055358224384,>50K,White,Male,Married-civ-spouse,Husband,Masters,42.829430949716404,14.0
36.44842433820175,<=50K,White,Female,Never-married,Own-child,Bachelors,77.44258520450211,13.0
41.603652569451384,>50K,White,Male,Married-civ-spouse,Husband,Bachelors,78.90420848195342,13.0
18.718893599443998,<=50K,White,Male,Never-married,Own-child,Some-college,73.73915403942644,10.0
44.56058844268992,<=50K,White,Female,Divorced,Not-in-family,9th,83.28147825884487,5.0
40.12164730888403,<=50K,Amer-Indian-Eskimo,Male,Married-civ-spouse,Husband,Doctorate,32.98083812540434,16.0
34.921294756673234,<=50K,White,Female,Never-married,Own-child,10th,28.604779880857674,6.0
28.255329669605324,<=50K,White,Male,Married-civ-spouse,Wife,Some-college,36.74843561998238,10.0
32.676764799482235,<=50K,White,Male,Married-civ-spouse,Husband,7th-8th,42.37185844419406,4.0
33.44093472328987,<=50K,White,Male,Married-civ-spouse,Husband,11th,88.78232053202474,7.0
38.40751586501617,>50K,White,Male,Married-civ-spouse,Husband,Bachelors,37.89293695206665,13.0
37.599193929182185,<=50K,White,Female,Divorced,Unmarried,Assoc-voc,26.891640951339497,11.0
18.98377477806737,>50K,White,Male,Married-civ-spouse,Husband,Bachelors,39.83817005523821,13.0
42.247558585687614,<=50K,White,Male,Never-married,Own-child,HS-grad,22.934601634583377,9.0
43.99613402330358,>50K,White,Male,Never-married,Not-in-family,Bachelors,63.09379182543492,13.0
28.906006673252566,<=50K,White,Male,Divorced,Not-in-family,1st-4th,42.25847341866097,2.0
47.71313128071999,>50K,White,Male,Married-civ-spouse,Husband,Bachelors,79.63469299188807,13.0
33.18326484763378,<=50K,White,Male,Never-married,Not-in-family,Bachelors,53.21994640310381,13.0
56.440234939437154,<=50K,Asian-Pac-Islander,Male,Married-civ-spouse,Wife,12th,17.9583129253701,8.0
36.40670721426393,<=50K,White,Male,Never-married,Own-child,Some-college,65.175719545005,10.0
35.93472737148067,<=50K,Black,Male,Married-civ-spouse,Husband,Some-college,81.70733403800273,10.0
44.29296214367085,<=50K,White,Female,Married-civ-spouse,Husband,HS-grad,53.84683657101493,9.0
35.3129928054793,<=50K,Black,Male,Married-civ-spouse,Husband,HS-grad,25.90355913922854,9.0
45.2422991712416,<=50K,White,Male,Never-married,Not-in-family,Some-college,49.20679346467426,10.0
42.635375934664324,<=50K,White,Female,Married-civ-spouse,Not-in-family,HS-grad,44.422663623459826,9.0
38.03800165080959,<=50K,White,Male,Divorced,Not-in-family,HS-grad,18.194137209615192,9.0
29.608449493312033,<=50K,White,Male,Never-married,Unmarried,HS-grad,75.05077086284047,9.0
40.3819624825425,<=50K,Amer-Indian-Eskimo,Female,Never-married,Not-in-family,Some-college,50.6678819121907,10.0
32.85143270163412,<=50K,White,Male,Never-married,Own-child,Some-college,42.793845288669885,10.0
37.46410494693335,<=50K,Other,Male,Never-married,Not-in-family,HS-grad,29.41906593558278,9.0
25.5556764073751,<=50K,White,Female,Divorced,Not-in-family,Bachelors,50.60364741576529,13.0
45.18197182492136,<=50K,White,Female,Divorced,Not-in-family,Bachelors,42.16740603514186,13.0
34.8874936701438,<=50K,White,Male,Never-married,Not-in-family,HS-grad,86.6418708656457,9.0
39.471865086416166,>50K,White,Male,Married-civ-spouse,Husband,HS-grad,62.70170518772142,9.0
32.22651467045762,<=50K,White,Female,Never-married,Not-in-family,9th,53.427998269779884,5.0
45.134848030225605,<=50K,White,Male,Never-married,Own-child,HS-grad,30.379372248984637,9.0
42.072977914492085,<=50K,White,Male,Never-married,Own-child,5th-6th,42.27404096480318,3.0
49.68592023976117,>50K,White,Male,Married-civ-spouse,Husband,12th,59.41836696639761,8.0
29.44307615724339,>50K,White,Female,Married-civ-spouse,Husband,Masters,46.242040478779884,14.0
35.10449933970296,<=50K,White,Female,Never-married,Own-child,Bachelors,83.08680242071442,13.0
33.51895554403052,<=50K,Black,Female,Never-married,Not-in-family,Some-college,42.06148078284143,10.0
41.18140908047441,<=50K,Asian-Pac-Islander,Female,Never-married,Own-child,Bachelors,29.058972109858157,13.0
38.73152213595813,>50K,White,Male,Divorced,Other-relative,Bachelors,48.31513942418776,13.0
25.214159994023092,<=50K,White,Male,Divorced,Not-in-family,Some-college,70.76521501059322,10.0
52.94923305898462,<=50K,White,Female,Widowed,Not-in-family,Masters,89.74464317912992,14.0
43.18037258085905,<=50K,Other,Female,Never-married,Own-child,Some-college,27.988121669850962,10.0
46.09503823643264,<=50K,White,Male,Widowed,Not-in-family,Bachelors,33.613544163752934,13.0
25.767423195861795,>50K,White,Male,Married-civ-spouse,Husband,Some-college,63.54965194852564,10.0
47.85258883605442,<=50K,Asian-Pac-Islander,Female,Never-married,Not-in-family,Assoc-acdm,24.220474661652702,12.0
45.286416755373054,<=50K,White,Female,Never-married,Other-relative,Bachelors,65.33788601319648,13.0
41.35205599258865,<=50K,Black,Male,Never-married,Own-child,Bachelors,17.77864981291731,13.0
34.832341194925284,<=50K,White,Female,Divorced,Unmarried,HS-grad,55.961969760716016,9.0
34.44580576483426,<=50K,White,Male,Never-married,Own-child,Some-college,42.29233781207165,10.0
44.30255295468852,<=50K,White,Male,Never-married,Own-child,Bachelors,43.42254074846548,13.0
53.583973451459244,<=50K,White,Male,Never-married,Own-child,HS-grad,41.83480758671949,9.0
51.734488144061416,<=50K,White,Male,Married-civ-spouse,Husband,Bachelors,27.283887758666072,13.0
23.666156788036712,>50K,White,Male,Married-civ-spouse,Husband,HS-grad,35.222421381295575,9.0
40.089749007615524,<=50K,White,Female,Never-married,Own-child,HS-grad,37.55702388571652,9.0
25.874412651125546,>50K,White,Male,Married-civ-spouse,Husband,Assoc-voc,31.32669342109184,11.0
60.324455021182075,<=50K,White,Male,Divorced,Not-in-family,Some-college,55.293428246998225,10.0
52.60645756300366,<=50K,White,Female,Married-civ-spouse,Husband,Some-college,17.956567797225453,10.0
32.22954402379162,>50K,White,Male,Married-civ-spouse,Husband,Bachelors,50.29063036257998,13.0
27.087542233592966,<=50K,Black,Female,Never-married,Own-child,HS-grad,22.57298332568466,9.0
47.964071681341196,<=50K,White,Female,Separated,Unmarried,HS-grad,44.71751287355312,9.0
40.69058295957788,<=50K,White,Female,Married-civ-spouse,Husband,Some-college,65.05051730968006,10.0
46.92941913294687,>50K,White,Male,Never-married,Not-in-family,Some-college,42.67916732721136,10.0
28.875685080767965,>50K,White,Male,Never-married,Other-relative,Bachelors,47.8844089808146,13.0
53.051028160035926,<=50K,White,Male,Never-married,Own-child,HS-grad,68.23060913285283,9.0
49.2908208558173,<=50K,White,Female,Divorced,Unmarried,HS-grad,51.81214154140734,9.0
51.69523906117357,<=50K,White,Male,Married-civ-spouse,Husband,HS-grad,64.5599351580963,9.0
44.55723948514144,<=50K,White,Male,Married-civ-spouse,Husband,Some-college,40.600795224328245,10.0
18.965280545842585,<=50K,White,Female,Married-civ-spouse,Wife,HS-grad,67.07780363490721,9.0
47.58862305473723,<=50K,White,Male,Never-married,Own-child,HS-grad,52.93167687782707,9.0
58.897600821144366,>50K,White,Female,Married-civ-spouse,Husband,Assoc-acdm,28.616203613683098,12.0
48.57528850306826,<=50K,White,Male,Married-civ-spouse,Husband,10th,21.574642384782376,6.0
60.93223005133278,<=50K,White,Male,Divorced,Unmarried,HS-grad,51.4621384213032,9.0
38.129805521568784,<=50K,White,Male,Never-married,Own-child,HS-grad,55.741054563192264,9.0
46.60123148250882,<=50K,White,Male,Married-civ-spouse,Husband,Doctorate,23.6893529822188,16.0
33.49016484378738,>50K,White,Male,Married-civ-spouse,Husband,Bachelors,59.074298480056186,13.0
56.74723268588684,>50K,White,Male,Married-civ-spouse,Husband,Assoc-acdm,54.328354034107825,12.0
29.812438764552006,<=50K,White,Female,Married-civ-spouse,Husband,Some-college,35.423386572686006,10.0
46.81437161019008,>50K,White,Female,Widowed,Not-in-family,Some-college,71.9304090922098,10.0
29.064536466232482,>50K,White,Male,Married-civ-spouse,Husband,Bachelors,32.95921780109999,13.0
30.656995155885504,<=50K,Black,Female,Married-civ-spouse,Husband,Bachelors,33.10374238665116,13.0
39.001006798047236,<=50K,White,Male,Never-married,Own-child,Some-college,51.361669739906525,10.0
41.65381741028084,<=50K,White,Female,Never-married,Own-child,HS-grad,75.96047667470008,9.0
17.577551541828754,<=50K,White,Female,Widowed,Not-in-family,HS-grad,81.5485368615677,9.0
42.52213910871423,<=50K,White,Male,Married-civ-spouse,Husband,HS-grad,48.37327926561795,9.0
39.075772305351734,<=50K,White,Male,Divorced,Not-in-family,HS-grad,63.43643214603617,9.0
33.59535756584599,<=50K,Black,Male,Divorced,Other-relative,HS-grad,49.94549498490552,9.0
36.21026885423214,>50K,White,Male,Married-civ-spouse,Husband,Masters,44.71885699834065,14.0
26.68048834767003,>50K,White,Male,Divorced,Not-in-family,HS-grad,70.1166031577316,9.0
40.141969770150155,<=50K,White,Female,Married-civ-spouse,Husband,HS-grad,63.70719251108491,9.0
38.39853895599353,<=50K,White,Female,Divorced,Unmarried,10th,30.605966974616017,6.0
29.251953674206707,<=50K,White,Male,Never-married,Own-child,HS-grad,78.70764996535925,9.0
24.708333484578606,<=50K,White,Female,Widowed,Not-in-family,Some-college,26.0196172755688,10.0
25.17929761131685,<=50K,White,Male,Never-married,Not-in-family,10th,45.89833734246014,6.0
69.48384274698066,<=50K,Other,Female,Divorced,Own-child,Some-college,27.367646297028905,10.0
51.28508144186269,<=50K,White,Male,Never-married,Not-in-family,Bachelors,37.654166133440185,13.0
41.27298154685168,>50K,White,Male,Married-civ-spouse,Husband,Assoc-voc,23.49910084448896,11.0
33.123762742798064,<=50K,White,Male,Married-civ-spouse,Husband,HS-grad,35.159225229229556,9.0
47.07250427909204,>50K,White,Male,Married-civ-spouse,Husband,Some-college,38.614995641932026,10.0
46.761646506752555,>50K,Black,Female,Never-married,Own-child,Some-college,44.59407365716236,10.0
26.596904928333693,<=50K,Black,Male,Married-civ-spouse,Husband,5th-6th,39.4601668433016,3.0
36.20597363129785,>50K,White,Male,Divorced,Unmarried,Masters,18.707684255569575,14.0
33.85764592952649,<=50K,Amer-Indian-Eskimo,Female,Never-married,Own-child,Some-college,57.77509842264716,10.0
26.696341379348368,<=50K,White,Male,Divorced,Unmarried,Masters,58.35736580734443,14.0
44.94480021729824,<=50K,Black,Female,Never-married,Own-child,Assoc-voc,78.20434224697401,11.0
33.26280925352562,>50K,White,Male,Married-civ-spouse,Husband,Some-college,78.17735260371077,10.0
29.857157913623528,<=50K,Amer-Indian-Eskimo,Female,Separated,Unmarried,Some-college,30.066723836505467,10.0
54.94827695148247,<=50K,White,Male,Separated,Not-in-family,Some-college,77.8064681208308,10.0
46.4093596190389,>50K,White,Female,Married-civ-spouse,Husband,Prof-school,86.76569371372246,15.0
35.92137291398226,<=50K,White,Female,Married-civ-spouse,Husband,Masters,64.25540023373955,14.0
37.722340761565555,>50K,White,Female,Married-civ-spouse,Husband,Some-college,80.49465954350744,10.0
43.90003842517941,>50K,White,Male,Married-civ-spouse,Husband,Masters,21.161612793381018,14.0
28.103683638443652,<=50K,White,Male,Never-married,Not-in-family,HS-grad,60.724611261090025,9.0
38.47533287222519,<=50K,Amer-Indian-Eskimo,Female,Married-civ-spouse,Husband,Some-college,39.558915677761576,10.0
53.525727131432696,>50K,White,Male,Married-civ-spouse,Husband,Bachelors,77.85166535783755,13.0
23.842856053380256,>50K,White,Male,Married-civ-spouse,Husband,Bachelors,39.44195822475825,13.0
47.670977865518964,<=50K,White,Male,Never-married,Not-in-family,Masters,42.93196460477272,14.0
29.67918823456256,<=50K,White,Male,Never-married,Not-in-family,Assoc-acdm,78.44928570668677,12.0
34.58770686715964,<=50K,White,Female,Married-civ-spouse,Wife,5th-6th,78.66179689515609,3.0
26.580556430368873,<=50K,White,Male,Never-married,Other-relative,HS-grad,78.70839547358634,9.0
19.534548548362682,<=50K,Other,Male,Separated,Unmarried,11th,35.87568681197034,7.0
44.92063649709754,>50K,White,Male,Married-civ-spouse,Husband,Assoc-voc,80.91729518220492,11.0
53.1016176968972,<=50K,White,Female,Never-married,Unmarried,Some-college,37.214501561348605,10.0
36.27720472324082,>50K,White,Male,Married-civ-spouse,Husband,Bachelors,84.51534860397284,13.0
20.108333828930657,<=50K,White,Female,Married-civ-spouse,Husband,Some-college,67.37576860432145,10.0
36.98891837673654,>50K,White,Female,Never-married,Not-in-family,Some-college,27.14897745769947,10.0
23.701133085566067,<=50K,White,Male,Married-civ-spouse,Husband,9th,77.34590816745018,5.0
46.1848018630457,>50K,White,Male,Married-civ-spouse,Husband,Some-college,73.35493792137797,10.0
37.4751960327809,<=50K,Black,Male,Widowed,Not-in-family,Some-college,54.03662316330012,10.0
36.11985779344907,<=50K,White,Female,Married-civ-spouse,Wife,HS-grad,48.1862187596086,9.0
53.56700629740489,>50K,White,Male,Married-civ-spouse,Husband,Some-college,83.65959509010145,10.0
36.112994368776576,<=50K,White,Female,Married-civ-spouse,Wife,HS-grad,45.942722023916446,9.0
30.796040707581952,<=50K,White,Male,Married-civ-spouse,Husband,Some-college,63.120427808309884,10.0
32.910088010258505,<=50K,White,Female,Married-civ-spouse,Husband,Bachelors,44.177321181298495,13.0
48.86834427367773,>50K,White,Male,Married-civ-spouse,Husband,Assoc-voc,81.9271921737712,11.0
33.463441668026434,<=50K,White,Female,Separated,Unmarried,Some-college,51.71054856052208,10.0
51.48393564408219,>50K,White,Male,Married-civ-spouse,Wife,Assoc-voc,77.79566875703199,11.0
15.400715337320776,<=50K,White,Male,Never-married,Own-child,Assoc-voc,88.61563288878828,11.0
41.72565968990137,<=50K,White,Female,Married-civ-spouse,Husband,Assoc-acdm,84.35193679922746,12.0
29.299934489855303,>50K,White,Female,Divorced,Not-in-family,Bachelors,48.6947594199347,13.0
22.638845974805314,<=50K,White,Female,Separated,Unmarried,Bachelors,78.70744942495256,13.0
44.93696565802887,<=50K,Asian-Pac-Islander,Male,Never-married,Not-in-family,Some-college,62.56277112884956,10.0
38.03166544318999,<=50K,Black,Male,Never-married,Not-in-family,HS-grad,26.19123299124139,9.0
37.53556179606561,<=50K,White,Male,Married-civ-spouse,Husband,Some-college,77.88901177929498,10.0
36.4118537260674,>50K,White,Male,Divorced,Not-in-family,Bachelors,67.01557193549473,13.0
55.63638105074982,>50K,White,Male,Married-civ-spouse,Husband,Bachelors,26.835095396360934,13.0
46.63220124167119,<=50K,White,Female,Widowed,Not-in-family,HS-grad,39.89936756373823,9.0
52.93378821333666,>50K,White,Male,Married-civ-spouse,Husband,Bachelors,67.66843618824063,13.0
45.6792041486665,<=50K,White,Male,Married-civ-spouse,Wife,10th,84.42055051181697,6.0
42.96653915453347,<=50K,White,Female,Married-civ-spouse,Husband,Some-college,67.52133801852433,10.0
26.829046615609876,>50K,Asian-Pac-Islander,Male,Married-civ-spouse,Husband,HS-grad,62.76966685775359,9.0
43.96487923113593,<=50K,White,Male,Never-married,Not-in-family,Some-college,57.00959519088232,10.0
45.985370052757574,<=50K,White,Female,Divorced,Unmarried,HS-grad,86.59168896430384,9.0
46.92089689715226,<=50K,White,Female,Never-married,Unmarried,Some-college,26.726948787720836,10.0
43.63274876083437,<=50K,White,Male,Married-civ-spouse,Husband,HS-grad,35.371053721505724,9.0
38.52690838972035,<=50K,White,Male,Never-married,Not-in-family,Some-college,46.42554077520815,10.0
30.713503355104024,<=50K,White,Male,Married-civ-spouse,Husband,HS-grad,22.22857857579677,9.0
34.50276260228567,<=50K,White,Female,Never-married,Not-in-family,Masters,34.43721068349106,14.0
40.25846183896021,<=50K,White,Male,Married-civ-spouse,Husband,Some-college,49.954973745511886,10.0
51.94741136725021,<=50K,Black,Male,Divorced,Not-in-family,Bachelors,72.7318999882919,13.0
25.405011070526644,<=50K,White,Male,Married-civ-spouse,Wife,HS-grad,89.55348290003606,9.0
29.144788318006455,<=50K,White,Female,Married-civ-spouse,Husband,Some-college,87.85600008712316,10.0
45.84976269712161,<=50K,Asian-Pac-Islander,Male,Divorced,Not-in-family,HS-grad,37.426590998931,9.0
15.52057090840496,<=50K,Asian-Pac-Islander,Male,Never-married,Own-child,HS-grad,36.95883717452699,9.0
42.404536759698075,<=50K,White,Male,Married-civ-spouse,Husband,HS-grad,28.623969208058668,9.0
37.07175558369897,>50K,White,Male,Married-civ-spouse,Husband,Some-college,35.4986102093284,10.0
41.18302668364025,<=50K,White,Male,Divorced,Not-in-family,HS-grad,55.52849283349563,9.0
49.15528194139733,<=50K,White,Male,Never-married,Not-in-family,10th,28.001343538333284,6.0
37.48570607988067,<=50K,White,Male,Divorced,Not-in-family,Some-college,69.93373418987358,10.0
44.31618749797004,>50K,White,Male,Married-civ-spouse,Husband,HS-grad,17.036964771946323,9.0
42.064249541036666,<=50K,Black,Female,Married-civ-spouse,Husband,Prof-school,44.76060311277381,15.0
32.23176419263128,<=50K,White,Male,Married-civ-spouse,Husband,HS-grad,21.913428710288027,9.0
34.17676551869619,<=50K,White,Female,Never-married,Own-child,Some-college,76.8839829864842,10.0
33.92599371317073,>50K,White,Male,Married-civ-spouse,Husband,Masters,70.3289857044172,14.0
22.057797169887216,<=50K,White,Female,Married-civ-spouse,Husband,Some-college,55.70821744297071,10.0
37.112463104064176,<=50K,White,Male,Never-married,Not-in-family,Some-college,70.00840442397731,10.0
34.548458272095324,>50K,White,Female,Married-civ-spouse,Husband,Bachelors,22.25838622180997,13.0
29.01242731599524,<=50K,Black,Female,Divorced,Unmarried,HS-grad,43.298004372876846,9.0
32.45535514214208,<=50K,Black,Male,Married-civ-spouse,Wife,Masters,20.660636814376943,14.0
52.16167668534662,<=50K,White,Male,Married-civ-spouse,Husband,HS-grad,37.0230942774376,9.0
32.6061876690369,<=50K,White,Male,Never-married,Own-child,Bachelors,63.53127865381662,13.0
50.68121584594373,<=50K,White,Female,Married-civ-spouse,Husband,HS-grad,61.66431890884338,9.0
38.72346558590315,<=50K,White,Female,Never-married,Own-child,HS-grad,48.91243145578517,9.0
30.08500359324407,>50K,Asian-Pac-Islander,Male,Separated,Not-in-family,Bachelors,44.944665994349606,13.0
29.857152833183672,<=50K,White,Female,Never-married,Not-in-family,5th-6th,27.95377259549407,3.0
21.472054493631042,>50K,White,Male,Married-civ-spouse,Husband,Masters,41.0921140652523,14.0
42.63936366917782,<=50K,White,Male,Married-civ-spouse,Husband,Some-college,64.59737663698361,10.0
9.745149160405955,<=50K,White,Female,Married-civ-spouse,Husband,HS-grad,54.59339312208168,9.0
50.93873764453803,<=50K,White,Female,Divorced,Not-in-family,HS-grad,48.18464739351563,9.0
34.2150361864735,>50K,White,Male,Married-civ-spouse,Husband,Assoc-acdm,49.201739882080254,12.0
28.576816951276847,<=50K,White,Male,Never-married,Other-relative,Some-college,55.288208998135914,10.0
44.942138201026516,<=50K,White,Male,Married-civ-spouse,Husband,HS-grad,56.3762281050086,9.0
44.791499331628124,>50K,White,Male,Married-civ-spouse,Husband,Bachelors,71.73745098133037,13.0
36.89193488826793,>50K,White,Male,Married-civ-spouse,Husband,Some-college,32.045591270919815,10.0
37.72599379829654,<=50K,White,Male,Separated,Unmarried,5th-6th,81.40651599496886,3.0
38.18256176630887,>50K,White,Male,Married-civ-spouse,Husband,Bachelors,40.3197593207944,13.0
26.198504377194375,<=50K,Black,Male,Never-married,Own-child,HS-grad,82.96183775049462,9.0
30.25499724153954,<=50K,White,Male,Married-civ-spouse,Husband,Bachelors,76.07771733046313,13.0
23.864782945760936,<=50K,White,Male,Married-civ-spouse,Husband,HS-grad,49.94359946828153,9.0
35.23049599356272,>50K,White,Male,Never-married,Unmarried,HS-grad,84.81663641789358,9.0
45.7603929233148,<=50K,Asian-Pac-Islander,Female,Divorced,Not-in-family,HS-grad,35.161284387300476,9.0
20.141537937636194,<=50K,White,Male,Married-civ-spouse,Husband,HS-grad,48.217993477986965,9.0
46.65362105099709,<=50K,Black,Male,Never-married,Not-in-family,HS-grad,43.020404628015505,9.0
54.161411698644095,<=50K,White,Male,Divorced,Not-in-family,Some-college,38.871409140801845,10.0
39.52301554085465,<=50K,White,Male,Never-married,Own-child,HS-grad,32.35725235046544,9.0
46.649994616725984,>50K,White,Male,Married-civ-spouse,Husband,Some-college,25.724289241121102,10.0
16.81784356431084,<=50K,White,Male,Divorced,Not-in-family,1st-4th,43.84932748085339,2.0
32.41910794413964,<=50K,White,Female,Never-married,Not-in-family,Some-college,84.4545503586108,10.0
33.2813477107108,>50K,White,Male,Married-civ-spouse,Husband,Doctorate,81.8403213319885,16.0
29.323557256833602,<=50K,White,Male,Divorced,Unmarried,HS-grad,35.79412730158816,9.0
34.12320692350557,>50K,White,Male,Married-civ-spouse,Husband,Assoc-voc,55.33174033028582,11.0
42.31524965964331,>50K,White,Male,Married-civ-spouse,Husband,Masters,75.62276509947219,14.0
29.17851570292533,<=50K,White,Male,Separated,Unmarried,Some-college,67.01935085822288,10.0
32.76052547837096,<=50K,White,Female,Never-married,Not-in-family,Assoc-voc,36.49909968702375,11.0
44.46672508648075,<=50K,White,Male,Never-married,Other-relative,HS-grad,66.752526810532,9.0
37.924471086430756,<=50K,White,Female,Married-civ-spouse,Husband,HS-grad,41.99775022594446,9.0
71.169392213377,>50K,White,Female,Married-civ-spouse,Husband,Bachelors,69.90623616951237,13.0
23.720613634037193,>50K,White,Female,Divorced,Not-in-family,Some-college,59.439114527713535,10.0
40.634893560488194,<=50K,White,Female,Divorced,Not-in-family,Some-college,86.93222109950327,10.0
28.932993858896904,<=50K,Other,Female,Never-married,Not-in-family,HS-grad,37.58811163638539,9.0
29.63235604800036,>50K,White,Male,Divorced,Unmarried,Bachelors,33.70241822654556,13.0
44.7608784621532,>50K,White,Male,Married-civ-spouse,Husband,HS-grad,56.986005191169745,9.0
37.11121945249571,<=50K,White,Male,Married-civ-spouse,Husband,Doctorate,69.97912514582288,16.0
40.82662241909506,>50K,Black,Male,Married-civ-spouse,Wife,HS-grad,71.18009006121477,9.0
32.970877864687964,<=50K,White,Female,Married-civ-spouse,Husband,7th-8th,82.55523987222014,4.0
39.916178267615045,<=50K,White,Male,Never-married,Own-child,HS-grad,18.766533839245874,9.0
44.93629715119356,<=50K,Asian-Pac-Islander,Male,Divorced,Unmarried,10th,42.89436455797639,6.0
42.16405797847864,<=50K,White,Female,Married-civ-spouse,Husband,10th,67.95578075830153,6.0
30.511776060350144,>50K,White,Female,Married-civ-spouse,Husband,Bachelors,85.29493002146154,13.0
29.54965086612684,<=50K,White,Male,Married-civ-spouse,Husband,HS-grad,53.58485511952681,9.0
52.72832165756254,<=50K,Asian-Pac-Islander,Male,Married-civ-spouse,Husband,Bachelors,23.550814135500577,13.0
26.02647369918175,<=50K,White,Female,Divorced,Unmarried,HS-grad,81.99665356502975,9.0
34.6519197111659,<=50K,Asian-Pac-Islander,Female,Divorced,Unmarried,Assoc-acdm,50.54487802485407,12.0
56.51250395352474,<=50K,White,Male,Never-married,Own-child,Bachelors,77.02206608712191,13.0
43.22353249533555,<=50K,Asian-Pac-Islander,Female,Never-married,Own-child,Some-college,29.769809457960434,10.0
59.82515901233812,<=50K,White,Male,Divorced,Not-in-family,Bachelors,89.72866773589706,13.0
34.84832670935046,<=50K,White,Female,Married-civ-spouse,Husband,Bachelors,40.94324474955671,13.0
46.97347657913717,>50K,White,Male,Married-civ-spouse,Husband,Prof-school,61.04486816611323,15.0
46.736513674007995,>50K,White,Male,Married-civ-spouse,Husband,Bachelors,77.8669462779309,13.0
36.41099327076247,<=50K,White,Female,Never-married,Not-in-family,Some-college,51.59070659357878,10.0
38.51096062384716,>50K,White,Male,Married-civ-spouse,Husband,Masters,49.179597874863475,14.0
42.27386045207889,<=50K,White,Female,Married-civ-spouse,Husband,Assoc-voc,59.697948636641605,11.0
42.3197149296482,<=50K,White,Male,Never-married,Not-in-family,Bachelors,56.590502084877286,13.0
49.525093223903646,<=50K,White,Male,Divorced,Unmarried,Bachelors,83.96059916945579,13.0
68.0690145856681,<=50K,White,Female,Never-married,Unmarried,9th,50.08835705788957,5.0
50.204134353303886,<=50K,Black,Female,Married-civ-spouse,Husband,Some-college,43.971103150313866,10.0
29.633322649541675,<=50K,White,Male,Never-married,Not-in-family,Some-college,59.87311667491954,10.0
40.044914803046396,>50K,Black,Male,Married-civ-spouse,Husband,Masters,65.6252076817336,14.0
45.548182053478435,<=50K,White,Male,Divorced,Unmarried,HS-grad,25.0998604610374,9.0
35.16367465179098,<=50K,White,Male,Never-married,Not-in-family,10th,50.72410096929002,6.0
39.38951445406213,<=50K,White,Male,Never-married,Unmarried,Some-college,44.61115254772092,10.0
55.21725450608968,<=50K,White,Male,Married-civ-spouse,Husband,10th,18.54174848250483,6.0
40.918986092877226,>50K,White,Male,Married-civ-spouse,Husband,Some-college,76.9074785779866,10.0
21.989263509297942,<=50K,White,Female,Never-married,Own-child,HS-grad,87.24277669000308,9.0
42.17312768053002,>50K,White,Male,Married-civ-spouse,Husband,9th,51.287246245450696,5.0
19.022402748885003,>50K,White,Male,Married-civ-spouse,Husband,Bachelors,85.52696269787748,13.0
40.252033202033324,>50K,White,Male,Married-civ-spouse,Husband,Bachelors,21.407276529102,13.0
69.78477131335801,<=50K,White,Female,Married-civ-spouse,Husband,HS-grad,65.03641190300976,9.0
53.4633881946184,<=50K,Asian-Pac-Islander,Female,Never-married,Own-child,Assoc-voc,19.922835649318653,11.0
29.183136024978182,<=50K,White,Male,Divorced,Not-in-family,Masters,58.2147572095121,14.0
45.55783886936313,>50K,White,Female,Married-civ-spouse,Husband,Some-college,29.943823466241994,10.0
53.33773650437857,>50K,White,Male,Married-civ-spouse,Husband,Some-college,84.54392375138379,10.0
40.94808001383215,<=50K,White,Female,Married-civ-spouse,Husband,HS-grad,51.640119548901765,9.0
21.18270516829017,<=50K,White,Male,Never-married,Not-in-family,Some-college,34.47253371804136,10.0
42.09450633228469,>50K,White,Male,Married-civ-spouse,Other-relative,Some-college,48.941317398389714,10.0
43.16768962793542,>50K,White,Male,Married-civ-spouse,Husband,Bachelors,27.56050597087622,13.0
53.54076487676988,<=50K,White,Female,Never-married,Own-child,Masters,35.70564267338588,14.0
68.43582311919971,<=50K,White,Male,Never-married,Not-in-family,Bachelors,35.07123776281464,13.0
46.63983882638946,>50K,White,Male,Never-married,Not-in-family,Some-college,26.965188574688575,10.0
45.30767705955943,<=50K,White,Female,Married-civ-spouse,Husband,Some-college,48.60229928564948,10.0
23.983825546748346,<=50K,White,Male,Married-civ-spouse,Husband,HS-grad,39.29986146689545,9.0
47.987754462917366,<=50K,White,Female,Never-married,Unmarried,HS-grad,42.37766566026156,9.0
51.2969393991673,<=50K,White,Male,Separated,Unmarried,HS-grad,89.43474427782355,9.0
46.634511645301906,>50K,White,Female,Married-civ-spouse,Wife,Masters,46.23901080537457,14.0
23.5719624148727,<=50K,Black,Male,Never-married,Own-child,9th,62.60074632042472,5.0
47.53433708995853,<=50K,White,Male,Never-married,Own-child,Assoc-voc,85.30790408259209,11.0
30.033029468560507,<=50K,Black,Male,Divorced,Not-in-family,Some-college,61.803646323396826,10.0
24.732300455471666,<=50K,White,Male,Married-civ-spouse,Husband,HS-grad,26.65437236267215,9.0
41.42343505089907,<=50K,White,Female,Never-married,Own-child,Some-college,59.534269510556875,10.0
48.29206250160851,<=50K,White,Male,Never-married,Not-in-family,HS-grad,37.910224170053816,9.0
33.49022322615196,<=50K,White,Male,Never-married,Not-in-family,12th,40.004830853409324,8.0
27.008808639013267,<=50K,White,Male,Married-civ-spouse,Husband,Bachelors,18.847902543178574,13.0
34.28487290576688,<=50K,White,Male,Never-married,Own-child,Some-college,53.625738258137496,10.0
44.58637425605988,<=50K,White,Male,Married-civ-spouse,Husband,Bachelors,56.469602900314335,13.0
40.67840232722144,>50K,White,Male,Married-civ-spouse,Husband,Bachelors,65.5162314651929,13.0
29.697660337682294,<=50K,White,Female,Married-civ-spouse,Husband,HS-grad,83.79382013127936,9.0
24.746089417036135,>50K,White,Male,Married-civ-spouse,Husband,HS-grad,61.977242951145335,9.0
36.05640380270629,>50K,White,Male,Married-civ-spouse,Husband,HS-grad,26.78732559759257,9.0
52.90209555447318,>50K,White,Male,Never-married,Not-in-family,Assoc-voc,17.25768548880052,11.0
40.24599815139079,<=50K,White,Male,Married-civ-spouse,Husband,Prof-school,78.10639792878838,15.0
28.104272449853667,<=50K,White,Female,Married-civ-spouse,Husband,10th,73.77727972374954,6.0
40.14144149684642,<=50K,White,Male,Never-married,Not-in-family,Doctorate,67.57730259501149,16.0
43.861908971779,<=50K,White,Male,Separated,Unmarried,HS-grad,63.447832920174406,9.0
38.25160843157145,>50K,White,Male,Married-civ-spouse,Husband,Masters,26.146019887045362,14.0
47.59565327617981,<=50K,White,Male,Never-married,Not-in-family,Some-college,63.03670654224035,10.0
44.20649484993166,<=50K,White,Male,Divorced,Not-in-family,Some-college,26.578898656427647,10.0
51.64818759825059,<=50K,White,Male,Married-civ-spouse,Husband,HS-grad,85.76719181455371,9.0
44.43971443998865,<=50K,White,Female,Never-married,Own-child,Assoc-voc,23.41332209672529,11.0
15.13694320185093,<=50K,White,Male,Married-civ-spouse,Husband,Bachelors,38.88256895710947,13.0
34.460635322072186,<=50K,White,Female,Married-civ-spouse,Husband,Masters,89.06306197711105,14.0
17.056476500620175,>50K,White,Male,Married-civ-spouse,Husband,Bachelors,19.159908772903556,13.0
15.508600294264763,<=50K,White,Male,Widowed,Unmarried,Some-college,60.15653196863073,10.0
48.06056671742961,<=50K,White,Male,Married-civ-spouse,Husband,HS-grad,82.78680535584724,9.0
70.94289215537707,<=50K,White,Male,Separated,Not-in-family,Bachelors,86.48751129829176,13.0
42.76094725137656,<=50K,White,Male,Never-married,Own-child,Bachelors,62.92059298617489,13.0
46.62734819502723,>50K,White,Female,Married-civ-spouse,Husband,Assoc-acdm,86.03684607315982,12.0
42.482715169409076,<=50K,White,Female,Married-civ-spouse,Husband,HS-grad,41.617172330541514,9.0
40.85064306869026,<=50K,White,Female,Never-married,Own-child,HS-grad,52.448744604742174,9.0
43.149649776270294,<=50K,White,Male,Married-civ-spouse,Husband,Assoc-voc,62.6194873055686,11.0
40.75962532291666,<=50K,White,Male,Married-civ-spouse,Husband,HS-grad,54.01490469947882,9.0
56.842703382075534,<=50K,White,Female,Never-married,Not-in-family,Bachelors,29.555579374848563,13.0
76.34963868160807,<=50K,White,Female,Divorced,Not-in-family,Some-college,50.69048614041888,10.0
48.43770870113203,<=50K,White,Male,Married-civ-spouse,Husband,Some-college,24.69472770056614,10.0
25.221586004438784,>50K,White,Male,Married-civ-spouse,Husband,Some-college,80.02532006417647,10.0
49.47035876316298,>50K,White,Male,Married-AF-spouse,Husband,Bachelors,31.721168877676494,13.0
46.44308265420036,<=50K,White,Male,Never-married,Not-in-family,HS-grad,68.71398000560077,9.0
27.889831405568096,<=50K,White,Female,Separated,Unmarried,HS-grad,29.870216621380145,9.0
33.09792995866355,<=50K,Asian-Pac-Islander,Female,Separated,Unmarried,Masters,31.496621396389898,14.0
56.3647325841271,<=50K,White,Female,Never-married,Own-child,7th-8th,18.385007561453286,4.0
38.58884322029296,<=50K,White,Male,Married-civ-spouse,Husband,Some-college,40.34169962405218,10.0
54.16062404555959,<=50K,White,Male,Never-married,Not-in-family,Some-college,28.266796717509273,10.0
50.51623280671977,<=50K,Black,Male,Never-married,Not-in-family,Some-college,65.1755227262105,10.0
32.28108397244919,<=50K,Black,Male,Never-married,Not-in-family,Bachelors,40.767357346288435,13.0
47.678132404869906,<=50K,Amer-Indian-Eskimo,Male,Never-married,Own-child,Assoc-acdm,29.465868630987767,12.0
36.156111196070334,<=50K,White,Male,Never-married,Not-in-family,Some-college,62.24361035240212,10.0
54.0696012194979,<=50K,White,Male,Never-married,Own-child,Bachelors,67.55335199665646,13.0
37.246130978575486,>50K,White,Male,Married-civ-spouse,Husband,Bachelors,43.87466321990456,13.0
50.1063380913901,>50K,Black,Male,Married-civ-spouse,Husband,Prof-school,87.17865056926033,15.0
38.450892020623215,<=50K,Black,Female,Married-civ-spouse,Own-child,HS-grad,19.209854915944714,9.0
33.89003281009687,<=50K,White,Female,Divorced,Not-in-family,Some-college,42.791601848849666,10.0
44.16456416255678,<=50K,Asian-Pac-Islander,Male,Never-married,Not-in-family,Some-college,33.73090054531078,10.0
42.26599310421432,<=50K,White,Female,Married-civ-spouse,Husband,Some-college,41.80044373270402,10.0
35.14624559210313,<=50K,White,Male,Divorced,Not-in-family,Some-college,77.2108276652228,10.0
61.379417244482525,<=50K,White,Female,Never-married,Not-in-family,HS-grad,53.6815001673345,9.0
51.97153192638122,<=50K,Amer-Indian-Eskimo,Female,Never-married,Not-in-family,HS-grad,44.18718638507352,9.0
34.77899460969565,>50K,White,Male,Never-married,Unmarried,Assoc-acdm,81.9692281302265,12.0
40.4480970821358,<=50K,White,Male,Never-married,Own-child,HS-grad,29.97824369099424,9.0
53.3534029525252,>50K,White,Male,Married-civ-spouse,Husband,Bachelors,70.69827251364937,13.0
35.95635159131233,<=50K,Asian-Pac-Islander,Female,Married-civ-spouse,Wife,HS-grad,27.34211771505934,9.0
54.29292841706807,>50K,Black,Male,Married-civ-spouse,Husband,Masters,59.41440807080224,14.0
45.11765338395574,<=50K,White,Male,Never-married,Not-in-family,HS-grad,83.95752679517585,9.0
40.33326920748343,<=50K,White,Female,Never-married,Own-child,HS-grad,34.06229138867326,9.0
37.36179196403922,<=50K,White,Male,Never-married,Not-in-family,HS-grad,42.61070170637395,9.0
38.91237944425477,<=50K,White,Male,Married-civ-spouse,Husband,9th,24.579105426807242,5.0
31.921329026519253,<=50K,White,Male,Never-married,Not-in-family,Bachelors,19.06036269637081,13.0
45.30105779024792,<=50K,White,Female,Never-married,Own-child,12th,17.055536675764788,8.0
51.93039932978535,<=50K,White,Male,Divorced,Not-in-family,7th-8th,83.29065783206215,4.0
42.305108481089135,<=50K,Amer-Indian-Eskimo,Male,Married-spouse-absent,Not-in-family,Bachelors,52.59471231256692,13.0
40.389814300755745,<=50K,White,Female,Never-married,Not-in-family,HS-grad,82.42205360024641,9.0
41.91717864361001,>50K,White,Female,Married-civ-spouse,Husband,Some-college,85.91965394868753,10.0
45.13191284755297,<=50K,White,Female,Married-civ-spouse,Husband,HS-grad,77.41739746566395,9.0
47.05961218769805,>50K,White,Male,Married-civ-spouse,Husband,Some-college,87.75107841771266,10.0
45.98025381374738,>50K,White,Male,Married-civ-spouse,Husband,Bachelors,62.79549650308855,13.0
42.74110698055351,>50K,White,Male,Never-married,Own-child,HS-grad,82.9657837212992,9.0
39.18738021555838,>50K,White,Male,Married-civ-spouse,Husband,Bachelors,35.3767413255956,13.0
34.717826442640266,>50K,White,Male,Married-civ-spouse,Husband,Prof-school,71.95261579439068,15.0
50.79471139629147,<=50K,Black,Male,Married-civ-spouse,Wife,HS-grad,66.44722936182517,9.0
48.30874700869258,<=50K,Black,Male,Never-married,Other-relative,Some-college,30.52232434190557,10.0
49.09591302421795,<=50K,White,Male,Never-married,Other-relative,HS-grad,36.788759934825684,9.0
47.654001606767366,<=50K,White,Male,Never-married,Not-in-family,Bachelors,67.9786380158148,13.0
16.584859035046275,<=50K,White,Female,Married-civ-spouse,Husband,Some-college,63.70255745435316,10.0
40.546379196768854,<=50K,White,Male,Never-married,Own-child,HS-grad,64.44526575946564,9.0
36.83318962601253,<=50K,White,Male,Separated,Not-in-family,Bachelors,33.18335335925678,13.0
68.16930714905698,<=50K,White,Male,Never-married,Own-child,Some-college,44.21495143453767,10.0
48.0913547613537,<=50K,Black,Male,Married-civ-spouse,Husband,HS-grad,32.768675271087936,9.0
49.52967533955269,<=50K,White,Female,Married-civ-spouse,Wife,Some-college,23.124632978173544,10.0
54.48055019127018,<=50K,White,Male,Never-married,Unmarried,Some-college,22.20190589050221,10.0
41.86225767185865,<=50K,White,Female,Married-civ-spouse,Husband,HS-grad,27.044754267392655,9.0
26.197661064616483,<=50K,White,Male,Married-civ-spouse,Husband,Assoc-voc,82.7577412769576,11.0
39.57501949836977,<=50K,White,Female,Separated,Unmarried,HS-grad,61.55485392608715,9.0
40.46333106715554,<=50K,White,Female,Never-married,Own-child,HS-grad,70.44862611128121,9.0
33.83744759802943,<=50K,White,Male,Never-married,Own-child,Some-college,37.69969748082784,10.0
41.254152624387785,<=50K,White,Male,Widowed,Unmarried,Bachelors,52.01294034295692,13.0
41.25213543862409,<=50K,White,Male,Never-married,Own-child,Bachelors,24.449569286746318,13.0
45.60621624561154,<=50K,White,Male,Separated,Own-child,Bachelors,64.89655326871312,13.0
41.327884168139605,<=50K,White,Female,Separated,Unmarried,7th-8th,75.21309429665556,4.0
39.45755032297759,<=50K,White,Male,Never-married,Unmarried,Some-college,53.88435272160441,10.0
50.00092403521817,<=50K,White,Male,Never-married,Other-relative,Bachelors,57.93677425597707,13.0
54.41010083433337,<=50K,Black,Female,Divorced,Not-in-family,Some-college,36.00469986202564,10.0
63.698154557138295,<=50K,White,Male,Never-married,Own-child,HS-grad,57.0734859246244,9.0
48.4698143668038,<=50K,White,Male,Never-married,Own-child,HS-grad,53.002248622111665,9.0
59.23035336918116,<=50K,White,Female,Married-civ-spouse,Husband,Some-college,61.37487639508553,10.0
24.85840154614371,<=50K,Black,Male,Divorced,Not-in-family,11th,83.00958459732519,7.0
16.022679795098615,>50K,White,Female,Married-civ-spouse,Husband,HS-grad,56.62345308459763,9.0
19.591082131176343,<=50K,White,Male,Never-married,Own-child,HS-grad,79.45054764631952,9.0
49.789741333948854,<=50K,White,Male,Married-spouse-absent,Not-in-family,Some-college,42.53325116873575,10.0
40.23449549723103,<=50K,White,Male,Never-married,Own-child,HS-grad,30.785416701633444,9.0
19.873491167255633,<=50K,White,Female,Married-civ-spouse,Husband,Some-college,48.94237842204221,10.0
45.9486117736557,<=50K,White,Male,Never-married,Not-in-family,HS-grad,85.9377078972459,9.0
33.52195707068748,>50K,White,Male,Married-civ-spouse,Husband,Bachelors,53.894737581038314,13.0
58.806585640492216,<=50K,Black,Female,Separated,Not-in-family,9th,36.59368891169914,5.0
43.18132617574918,>50K,White,Male,Married-civ-spouse,Husband,Bachelors,48.78236277987834,13.0
48.644095818068614,<=50K,White,Male,Never-married,Own-child,11th,48.79511926132923,7.0
28.585231856276295,>50K,White,Male,Married-civ-spouse,Husband,Bachelors,73.3542918001234,13.0
44.20370207319514,<=50K,Black,Male,Never-married,Own-child,HS-grad,28.820418966669926,9.0
25.155518058974067,<=50K,White,Male,Never-married,Own-child,HS-grad,38.30773731090717,9.0
25.58167853265035,<=50K,White,Male,Never-married,Own-child,Some-college,43.15112482007419,10.0
41.07460504099888,>50K,White,Male,Married-civ-spouse,Husband,HS-grad,71.25114230794406,9.0
43.10786208670836,<=50K,White,Female,Married-civ-spouse,Husband,Some-college,40.82367136774681,10.0
44.82903927421823,>50K,White,Male,Married-AF-spouse,Husband,Masters,31.79633387760796,14.0
36.76324595073764,<=50K,White,Female,Never-married,Not-in-family,HS-grad,18.051370822955786,9.0
