,income,race,sex,marital.status,relationship,education,age
0,>50K,White,Male,Married-civ-spouse,Husband,Masters,88.81755195582194
1,<=50K,Black,Male,Divorced,Other-relative,Some-college,22.439337517219723
2,<=50K,Black,Male,Never-married,Not-in-family,Bachelors,87.29627433070584
3,>50K,White,Male,Married-civ-spouse,Husband,HS-grad,70.24975085874058
4,<=50K,Black,Female,Married-civ-spouse,Not-in-family,Some-college,25.867061720969588
5,<=50K,White,Male,Separated,Own-child,Bachelors,44.56932661257738
6,<=50K,Black,Female,Widowed,Not-in-family,Assoc-acdm,56.67752765205585
7,<=50K,White,Male,Married-civ-spouse,Husband,Some-college,69.19769883695042
8,>50K,White,Male,Married-civ-spouse,Husband,12th,76.30384171936316
9,<=50K,White,Male,Never-married,Own-child,10th,28.72527920659664
10,<=50K,White,Male,Divorced,Own-child,Some-college,87.95941845423778
11,>50K,White,Male,Married-civ-spouse,Own-child,Assoc-voc,86.89234722853523
12,<=50K,Black,Male,Never-married,Unmarried,Some-college,21.255934864075616
13,<=50K,White,Female,Never-married,Husband,Bachelors,88.56206286314118
14,<=50K,White,Male,Married-civ-spouse,Unmarried,Some-college,49.96900488368933
15,>50K,White,Male,Married-civ-spouse,Husband,Prof-school,34.960030613042946
16,>50K,White,Male,Married-civ-spouse,Husband,Some-college,80.84918032059684
17,<=50K,White,Female,Never-married,Unmarried,Some-college,82.66170061398273
18,<=50K,White,Male,Married-civ-spouse,Unmarried,12th,37.44755634224998
19,>50K,White,Female,Married-civ-spouse,Unmarried,HS-grad,83.24417004800472
20,<=50K,White,Male,Divorced,Not-in-family,HS-grad,41.51940130708516
21,>50K,White,Male,Divorced,Not-in-family,Bachelors,74.29593724659193
22,<=50K,Asian-Pac-Islander,Female,Divorced,Own-child,HS-grad,39.83492486632328
23,<=50K,White,Male,Married-civ-spouse,Own-child,HS-grad,79.82309536587499
24,<=50K,White,Female,Married-civ-spouse,Own-child,11th,75.03624684328666
25,<=50K,Asian-Pac-Islander,Male,Never-married,Not-in-family,Bachelors,38.22592271805046
26,<=50K,White,Male,Separated,Husband,Bachelors,46.501662272584625
27,<=50K,White,Female,Divorced,Husband,Some-college,69.28385984996643
28,>50K,White,Male,Married-civ-spouse,Unmarried,Some-college,29.727679387659965
29,<=50K,Black,Female,Married-civ-spouse,Own-child,Some-college,58.93476721404874
30,<=50K,White,Male,Divorced,Wife,Bachelors,62.68532989089008
31,<=50K,White,Female,Widowed,Husband,Bachelors,77.99831174138154
32,<=50K,White,Male,Never-married,Husband,Some-college,89.50282732894813
33,<=50K,Black,Male,Married-civ-spouse,Own-child,Assoc-voc,69.7407313650345
34,<=50K,White,Male,Married-civ-spouse,Not-in-family,Bachelors,18.04384712428895
35,>50K,White,Male,Married-civ-spouse,Unmarried,Masters,79.65714271540702
36,<=50K,Black,Female,Married-civ-spouse,Not-in-family,Assoc-acdm,42.463965842602306
37,<=50K,White,Male,Married-civ-spouse,Unmarried,HS-grad,46.55105913891316
38,<=50K,White,Male,Married-civ-spouse,Husband,Bachelors,47.00199111397252
39,<=50K,White,Female,Never-married,Husband,10th,36.64394445796428
40,<=50K,White,Male,Married-civ-spouse,Own-child,HS-grad,55.03152972422144
41,<=50K,White,Male,Widowed,Husband,Bachelors,66.79181031726215
42,<=50K,White,Male,Never-married,Husband,Some-college,29.91787004405778
43,<=50K,White,Female,Married-civ-spouse,Husband,HS-grad,87.40293333697578
44,<=50K,White,Male,Married-civ-spouse,Husband,Some-college,52.28399785532961
45,>50K,White,Male,Never-married,Not-in-family,Some-college,56.69867525321408
46,<=50K,Black,Female,Never-married,Wife,10th,48.005068009534796
47,>50K,White,Male,Married-civ-spouse,Wife,5th-6th,28.692576831381793
48,<=50K,White,Male,Divorced,Not-in-family,5th-6th,73.1287039648503
49,<=50K,White,Female,Married-civ-spouse,Not-in-family,HS-grad,80.92553635329566
50,<=50K,White,Female,Never-married,Not-in-family,Some-college,17.983423768418977
51,>50K,White,Male,Married-civ-spouse,Not-in-family,HS-grad,74.91514816431376
52,<=50K,White,Male,Never-married,Husband,Some-college,45.57756066859849
53,<=50K,White,Male,Never-married,Own-child,HS-grad,30.893684707416735
54,<=50K,Asian-Pac-Islander,Male,Married-spouse-absent,Own-child,Bachelors,25.18830344915883
55,<=50K,White,Male,Never-married,Not-in-family,Some-college,30.87933865026482
56,>50K,White,Male,Married-civ-spouse,Unmarried,HS-grad,66.32209163673829
57,<=50K,White,Female,Married-civ-spouse,Unmarried,HS-grad,39.22378392204182
58,>50K,White,Male,Married-civ-spouse,Not-in-family,10th,50.219081584104494
59,>50K,White,Male,Married-civ-spouse,Husband,11th,76.2889711474889
60,<=50K,White,Male,Never-married,Husband,Assoc-acdm,83.81578666177369
61,<=50K,White,Male,Never-married,Husband,7th-8th,35.38314838506197
62,<=50K,White,Male,Separated,Not-in-family,HS-grad,81.31210721174807
63,<=50K,White,Male,Never-married,Husband,HS-grad,45.152573859396284
64,<=50K,Black,Female,Married-civ-spouse,Own-child,Bachelors,80.44079064872281
65,<=50K,White,Male,Never-married,Husband,Bachelors,69.96522159764456
66,<=50K,White,Male,Married-civ-spouse,Not-in-family,HS-grad,45.46401996787924
67,<=50K,White,Male,Never-married,Own-child,Masters,23.30252138936776
68,<=50K,White,Female,Divorced,Own-child,11th,85.09460515336217
69,<=50K,Black,Male,Divorced,Husband,Some-college,27.144757211140124
70,<=50K,Black,Male,Never-married,Own-child,Some-college,67.44682046018426
71,>50K,White,Male,Married-civ-spouse,Unmarried,HS-grad,23.288726167788532
72,<=50K,White,Male,Separated,Husband,HS-grad,52.54232498656161
73,<=50K,White,Male,Married-spouse-absent,Husband,Masters,69.69459498467558
74,<=50K,White,Female,Divorced,Unmarried,Assoc-voc,32.72231662408759
75,>50K,White,Female,Married-civ-spouse,Husband,Some-college,69.4362051482161
76,<=50K,White,Male,Married-civ-spouse,Own-child,HS-grad,72.84831900181365
77,<=50K,White,Male,Never-married,Unmarried,Masters,74.66014026637617
78,<=50K,White,Female,Never-married,Husband,HS-grad,43.42998827163383
79,<=50K,White,Female,Never-married,Own-child,Some-college,71.72890666111434
80,>50K,White,Male,Married-civ-spouse,Own-child,Bachelors,56.56127921992062
81,<=50K,White,Female,Never-married,Not-in-family,HS-grad,46.351318811075735
82,<=50K,White,Female,Divorced,Husband,Some-college,80.94544730233558
83,>50K,Black,Male,Married-civ-spouse,Not-in-family,Prof-school,48.852685386377715
84,>50K,White,Male,Married-civ-spouse,Not-in-family,HS-grad,65.41236050958966
85,>50K,White,Male,Married-civ-spouse,Own-child,Prof-school,76.18568306581095
86,<=50K,White,Female,Married-civ-spouse,Husband,Masters,22.777553063986453
87,>50K,White,Female,Married-civ-spouse,Not-in-family,Bachelors,22.862760239341753
88,<=50K,White,Female,Married-civ-spouse,Unmarried,Bachelors,17.31821113683933
89,<=50K,White,Female,Divorced,Husband,10th,39.05022389375358
90,<=50K,Black,Female,Never-married,Wife,11th,82.42079047349279
91,<=50K,White,Female,Divorced,Husband,Bachelors,21.478107479187937
92,>50K,White,Male,Divorced,Not-in-family,HS-grad,22.146638107969466
93,<=50K,White,Female,Never-married,Not-in-family,Some-college,47.39469682061154
94,<=50K,White,Male,Never-married,Husband,HS-grad,25.181638688808516
95,>50K,White,Male,Never-married,Husband,HS-grad,71.41304557120989
96,<=50K,White,Male,Never-married,Husband,7th-8th,27.143476254519896
97,<=50K,White,Male,Married-civ-spouse,Unmarried,HS-grad,53.89343435127068
98,<=50K,White,Male,Never-married,Not-in-family,9th,75.33975741091913
99,>50K,White,Male,Married-civ-spouse,Not-in-family,Masters,23.428270619676937
100,<=50K,White,Male,Married-civ-spouse,Not-in-family,Some-college,87.82375496598576
101,<=50K,White,Male,Married-civ-spouse,Husband,HS-grad,67.78711606559379
102,<=50K,White,Female,Divorced,Wife,Some-college,73.79719252938457
103,<=50K,White,Male,Married-civ-spouse,Husband,Bachelors,55.02519827313303
104,<=50K,White,Female,Never-married,Husband,HS-grad,82.33205857870243
105,>50K,White,Male,Married-civ-spouse,Unmarried,Bachelors,69.12383016232286
106,<=50K,White,Male,Divorced,Husband,Doctorate,71.56870230651253
107,<=50K,White,Male,Separated,Husband,Assoc-voc,49.443471775454
108,<=50K,White,Female,Married-civ-spouse,Husband,Assoc-acdm,57.667414299128886
109,<=50K,White,Female,Married-civ-spouse,Husband,Some-college,51.40617396412142
110,>50K,White,Male,Married-civ-spouse,Husband,HS-grad,21.246298173482923
111,>50K,White,Female,Divorced,Husband,HS-grad,29.014707204265292
112,<=50K,White,Female,Divorced,Husband,HS-grad,57.16268820594127
113,<=50K,White,Female,Married-civ-spouse,Not-in-family,Assoc-voc,87.93910678541069
114,<=50K,White,Male,Married-civ-spouse,Husband,HS-grad,61.91669968774886
115,<=50K,White,Female,Widowed,Husband,HS-grad,60.44102082356404
116,<=50K,Black,Male,Never-married,Own-child,Assoc-acdm,21.228422583926957
117,>50K,White,Male,Divorced,Husband,Bachelors,76.79104191889942
118,>50K,White,Male,Married-civ-spouse,Not-in-family,Masters,64.35489632949486
119,<=50K,White,Male,Never-married,Other-relative,Prof-school,70.6855261900363
120,<=50K,White,Male,Divorced,Own-child,Some-college,39.156059244531015
121,<=50K,White,Male,Never-married,Unmarried,Assoc-acdm,61.98806059166332
122,<=50K,White,Male,Married-civ-spouse,Own-child,Some-college,43.12787479594711
123,<=50K,Black,Male,Divorced,Own-child,HS-grad,43.81419738887306
124,<=50K,Black,Male,Never-married,Unmarried,HS-grad,88.69682725507622
125,<=50K,White,Male,Married-civ-spouse,Husband,Assoc-voc,69.02364921040243
126,<=50K,White,Female,Married-civ-spouse,Husband,HS-grad,19.924356429255212
127,<=50K,White,Female,Never-married,Not-in-family,Assoc-acdm,34.7050536142019
128,<=50K,Black,Female,Never-married,Husband,Some-college,60.55789061912078
129,<=50K,White,Male,Married-civ-spouse,Husband,HS-grad,64.83896114737769
130,<=50K,White,Female,Never-married,Own-child,Assoc-acdm,86.03931793835912
131,<=50K,White,Male,Never-married,Wife,9th,70.2770290398634
132,<=50K,Black,Female,Never-married,Husband,Assoc-acdm,38.393129453441105
133,<=50K,Asian-Pac-Islander,Male,Married-civ-spouse,Husband,Assoc-voc,38.8826212741571
134,<=50K,White,Female,Divorced,Husband,10th,30.261017165220878
135,<=50K,White,Male,Never-married,Wife,HS-grad,77.97246728663066
136,<=50K,White,Male,Widowed,Husband,Assoc-voc,82.15647880490467
137,<=50K,White,Female,Never-married,Husband,9th,49.241964753452685
138,<=50K,White,Female,Widowed,Husband,10th,42.50945417900348
139,<=50K,White,Male,Never-married,Not-in-family,Bachelors,69.86115044117503
140,<=50K,Black,Female,Divorced,Not-in-family,Bachelors,32.651095252078264
141,<=50K,Black,Male,Married-civ-spouse,Own-child,Assoc-voc,41.19070006454642
142,<=50K,White,Male,Married-civ-spouse,Not-in-family,HS-grad,73.71141596511085
143,>50K,White,Male,Married-civ-spouse,Not-in-family,Bachelors,67.06379865150379
144,>50K,White,Male,Married-civ-spouse,Husband,11th,26.521821438641325
145,<=50K,Asian-Pac-Islander,Male,Never-married,Not-in-family,Some-college,32.35694806378008
146,<=50K,White,Female,Married-civ-spouse,Other-relative,Bachelors,76.54494686890465
147,>50K,White,Male,Married-civ-spouse,Husband,Bachelors,33.68181233340051
148,<=50K,White,Male,Separated,Husband,11th,37.825183739061586
149,<=50K,White,Male,Widowed,Husband,Some-college,60.55017518513235
150,<=50K,White,Female,Divorced,Not-in-family,Masters,76.60551263271775
151,<=50K,White,Male,Married-civ-spouse,Wife,Masters,27.192227440949146
152,<=50K,White,Female,Never-married,Own-child,Masters,86.21973416368543
153,<=50K,White,Male,Married-civ-spouse,Husband,11th,27.10093638191526
154,<=50K,White,Male,Married-civ-spouse,Husband,Bachelors,61.89584887571437
155,<=50K,Black,Female,Married-civ-spouse,Wife,HS-grad,75.40890164431576
156,>50K,White,Male,Married-civ-spouse,Husband,Some-college,85.66461478552209
157,<=50K,White,Male,Never-married,Husband,5th-6th,43.88591933902586
158,<=50K,White,Female,Never-married,Not-in-family,HS-grad,32.269178636591725
159,<=50K,White,Male,Never-married,Not-in-family,Prof-school,27.341347006756425
160,<=50K,White,Female,Never-married,Unmarried,11th,35.535782783765654
161,>50K,White,Male,Never-married,Other-relative,Bachelors,41.962768791329495
162,<=50K,White,Male,Married-civ-spouse,Own-child,Bachelors,69.75736409534665
163,<=50K,White,Male,Married-civ-spouse,Husband,Some-college,70.54538360526914
164,<=50K,White,Female,Married-civ-spouse,Husband,Masters,57.901981949631356
165,<=50K,White,Male,Never-married,Not-in-family,Bachelors,29.03352750221522
166,<=50K,White,Male,Never-married,Husband,Bachelors,54.50935022812123
167,<=50K,White,Male,Never-married,Unmarried,HS-grad,37.71127839379055
168,<=50K,White,Male,Divorced,Husband,Bachelors,77.47533436558594
169,>50K,White,Male,Married-civ-spouse,Wife,Some-college,38.43972399104992
170,<=50K,White,Female,Never-married,Not-in-family,9th,83.37803729697433
171,<=50K,White,Female,Divorced,Own-child,Some-college,34.675846145409395
172,>50K,White,Male,Married-civ-spouse,Not-in-family,Some-college,26.339094585329413
173,<=50K,White,Female,Married-civ-spouse,Husband,HS-grad,82.94408310686536
174,>50K,White,Female,Married-civ-spouse,Husband,Assoc-acdm,26.15211918699267
175,<=50K,White,Female,Never-married,Husband,HS-grad,29.698638090388794
176,<=50K,White,Female,Never-married,Not-in-family,Bachelors,27.56830898168422
177,<=50K,White,Male,Divorced,Husband,Bachelors,64.84883054015881
178,<=50K,White,Male,Married-civ-spouse,Own-child,Assoc-voc,36.176986131165165
179,<=50K,White,Female,Never-married,Husband,Some-college,33.73115044757164
180,<=50K,White,Male,Divorced,Husband,5th-6th,82.64745881060865
181,<=50K,Black,Male,Never-married,Unmarried,HS-grad,84.47984136820877
182,<=50K,Black,Female,Widowed,Unmarried,Bachelors,56.73759652213741
183,<=50K,White,Female,Never-married,Not-in-family,Bachelors,60.045818911164375
184,<=50K,White,Female,Never-married,Husband,9th,44.55652780522718
185,<=50K,White,Female,Never-married,Husband,HS-grad,23.577476848221764
186,<=50K,White,Female,Married-civ-spouse,Husband,Bachelors,48.76272760353008
187,<=50K,Amer-Indian-Eskimo,Female,Never-married,Unmarried,Some-college,35.0104886319709
188,<=50K,White,Female,Never-married,Own-child,Bachelors,41.01983936911216
189,<=50K,White,Male,Divorced,Not-in-family,Some-college,88.90845281135515
190,>50K,White,Male,Divorced,Husband,9th,32.90886059489706
191,<=50K,Black,Female,Never-married,Own-child,Some-college,30.68552905876013
192,>50K,White,Male,Married-civ-spouse,Husband,10th,63.74820432713521
193,<=50K,Black,Male,Separated,Not-in-family,Assoc-voc,84.18028437008364
194,<=50K,White,Female,Divorced,Wife,5th-6th,35.37337346591225
195,<=50K,White,Male,Never-married,Own-child,Some-college,56.66730526495676
196,<=50K,White,Male,Never-married,Own-child,HS-grad,43.59200567810328
197,>50K,Black,Male,Never-married,Husband,HS-grad,21.224920528581695
198,<=50K,Other,Female,Married-civ-spouse,Other-relative,Masters,23.060752536747625
199,<=50K,White,Female,Separated,Not-in-family,HS-grad,82.35756804814865
200,<=50K,White,Male,Widowed,Husband,9th,23.364353408485915
201,<=50K,White,Male,Divorced,Husband,HS-grad,69.16470864150085
202,<=50K,Black,Male,Never-married,Other-relative,7th-8th,24.63418749103197
203,>50K,White,Male,Never-married,Own-child,Bachelors,52.227137646669696
204,<=50K,White,Female,Married-civ-spouse,Not-in-family,Assoc-voc,20.903682332950467
205,<=50K,White,Male,Divorced,Own-child,Masters,64.76329236372325
206,<=50K,White,Male,Separated,Own-child,HS-grad,40.51044445718439
207,<=50K,Other,Female,Divorced,Husband,Some-college,34.793070018419044
208,<=50K,White,Male,Never-married,Husband,HS-grad,21.086858480155627
209,>50K,White,Female,Married-civ-spouse,Husband,12th,37.448743280608824
210,<=50K,Black,Female,Married-civ-spouse,Not-in-family,Assoc-voc,50.65785724524382
211,<=50K,White,Male,Never-married,Not-in-family,Some-college,47.43723184845777
212,<=50K,White,Male,Married-civ-spouse,Husband,Some-college,43.90538212097138
213,<=50K,White,Female,Married-civ-spouse,Husband,Bachelors,42.75790783608737
214,>50K,White,Male,Married-civ-spouse,Husband,Some-college,44.41169137650259
215,<=50K,White,Male,Never-married,Husband,HS-grad,47.363715661313236
216,<=50K,White,Female,Never-married,Own-child,Some-college,69.37048333492001
217,<=50K,Black,Male,Never-married,Own-child,12th,39.916005106323894
218,>50K,White,Male,Married-civ-spouse,Other-relative,Bachelors,45.555460754619205
219,<=50K,White,Male,Never-married,Husband,HS-grad,55.82218334594808
220,<=50K,White,Male,Married-civ-spouse,Own-child,Some-college,77.98472234961963
221,<=50K,White,Male,Widowed,Husband,Some-college,80.73157454681336
222,<=50K,White,Female,Never-married,Husband,Some-college,82.34014993314494
223,>50K,White,Male,Married-civ-spouse,Unmarried,Some-college,55.86547691537076
224,<=50K,White,Male,Married-civ-spouse,Own-child,Some-college,62.379556762450726
225,<=50K,White,Female,Married-civ-spouse,Husband,Some-college,65.85113072507475
226,<=50K,White,Female,Never-married,Own-child,Some-college,23.189823475224323
227,<=50K,White,Male,Divorced,Not-in-family,Bachelors,44.57578835161499
228,<=50K,White,Male,Never-married,Unmarried,Some-college,62.15774428246632
229,<=50K,White,Male,Never-married,Not-in-family,HS-grad,43.13911029574807
230,<=50K,Black,Male,Married-civ-spouse,Wife,Some-college,84.41756701292496
231,>50K,Asian-Pac-Islander,Female,Married-civ-spouse,Husband,Some-college,22.85329445691883
232,<=50K,White,Female,Married-civ-spouse,Husband,HS-grad,24.250484423067036
233,<=50K,White,Female,Never-married,Husband,HS-grad,84.65510185206783
234,>50K,White,Male,Married-civ-spouse,Not-in-family,HS-grad,31.16441939274951
235,<=50K,White,Male,Never-married,Not-in-family,7th-8th,63.205272899605866
236,<=50K,White,Female,Divorced,Husband,Bachelors,21.286910578043088
237,<=50K,Asian-Pac-Islander,Male,Never-married,Husband,HS-grad,26.56776757534533
238,<=50K,White,Male,Divorced,Own-child,Bachelors,59.796788946214946
239,<=50K,White,Female,Divorced,Husband,Bachelors,53.65067630426798
240,>50K,White,Male,Married-civ-spouse,Unmarried,12th,29.344258109724993
241,<=50K,White,Female,Married-civ-spouse,Own-child,Some-college,75.86969969380027
242,>50K,Amer-Indian-Eskimo,Male,Married-civ-spouse,Unmarried,HS-grad,31.44155348353596
243,<=50K,White,Male,Married-civ-spouse,Unmarried,HS-grad,87.56638058064668
244,<=50K,White,Female,Divorced,Not-in-family,Assoc-voc,75.62322126860936
245,<=50K,White,Male,Married-civ-spouse,Husband,HS-grad,33.765009333398964
246,>50K,White,Male,Married-civ-spouse,Not-in-family,Some-college,30.419930887210725
247,>50K,White,Male,Married-civ-spouse,Own-child,Some-college,71.73706204896928
248,<=50K,White,Male,Never-married,Not-in-family,HS-grad,86.33904263736015
249,<=50K,White,Male,Never-married,Not-in-family,HS-grad,68.70254799721309
250,<=50K,Black,Male,Married-civ-spouse,Own-child,Some-college,41.78286209227105
251,<=50K,White,Male,Married-civ-spouse,Not-in-family,7th-8th,43.91029528829557
252,>50K,White,Male,Married-civ-spouse,Not-in-family,Bachelors,22.473869773808204
253,>50K,Asian-Pac-Islander,Female,Married-civ-spouse,Own-child,Bachelors,42.54822374976814
254,<=50K,White,Female,Never-married,Husband,Some-college,46.0795092804747
255,<=50K,Black,Female,Never-married,Own-child,HS-grad,33.928717202968976
256,<=50K,White,Male,Married-civ-spouse,Not-in-family,HS-grad,53.1755221444198
257,<=50K,Black,Female,Separated,Unmarried,HS-grad,24.79584466012226
258,<=50K,White,Male,Never-married,Own-child,HS-grad,28.445112999675658
259,<=50K,White,Female,Divorced,Husband,Some-college,44.266163119530404
260,<=50K,White,Female,Married-civ-spouse,Unmarried,Masters,48.02286683508801
261,>50K,White,Male,Married-civ-spouse,Own-child,9th,57.88409838095164
262,<=50K,White,Male,Married-civ-spouse,Husband,HS-grad,56.69634975181343
263,>50K,White,Male,Married-civ-spouse,Not-in-family,11th,87.70333313531302
264,<=50K,Black,Male,Married-civ-spouse,Husband,Assoc-voc,57.71527737754769
265,<=50K,White,Male,Never-married,Not-in-family,Bachelors,89.85823504576157
266,<=50K,White,Male,Married-civ-spouse,Own-child,Some-college,22.434792754207933
267,<=50K,White,Male,Married-civ-spouse,Not-in-family,Bachelors,83.43669688502435
268,<=50K,White,Female,Never-married,Wife,HS-grad,28.506448085826047
269,>50K,White,Male,Married-civ-spouse,Husband,7th-8th,42.30065384763787
270,<=50K,White,Male,Widowed,Not-in-family,HS-grad,80.01457254323245
271,<=50K,White,Female,Married-civ-spouse,Unmarried,HS-grad,79.09518917236647
272,<=50K,White,Female,Divorced,Not-in-family,Masters,87.60090419928292
273,<=50K,White,Female,Married-civ-spouse,Unmarried,11th,46.08788168716617
274,>50K,White,Male,Married-civ-spouse,Not-in-family,Bachelors,38.23160647949051
275,<=50K,White,Male,Divorced,Husband,1st-4th,37.40679245632654
276,>50K,White,Male,Married-civ-spouse,Husband,Some-college,31.61421887286378
277,<=50K,White,Male,Never-married,Other-relative,7th-8th,75.94537694921274
278,<=50K,White,Male,Married-civ-spouse,Unmarried,HS-grad,23.10664043048922
279,<=50K,White,Male,Divorced,Not-in-family,Some-college,83.88309801097628
280,<=50K,White,Female,Married-civ-spouse,Husband,Masters,72.41358554996785
281,<=50K,White,Female,Divorced,Husband,Some-college,22.48675366202381
282,<=50K,White,Male,Never-married,Not-in-family,Some-college,83.46943248496378
283,>50K,White,Female,Married-civ-spouse,Husband,HS-grad,74.81396886115154
284,<=50K,Black,Male,Married-civ-spouse,Own-child,Some-college,55.74956043676091
285,<=50K,White,Male,Widowed,Husband,HS-grad,33.32780013399055
286,<=50K,White,Male,Divorced,Not-in-family,Bachelors,17.007637046584605
287,>50K,White,Male,Married-civ-spouse,Not-in-family,HS-grad,67.04085788824014
288,>50K,White,Male,Never-married,Own-child,Bachelors,58.82316852169167
289,>50K,White,Male,Married-civ-spouse,Not-in-family,HS-grad,51.5205077085943
290,<=50K,White,Male,Never-married,Own-child,HS-grad,38.14485117982363
291,>50K,White,Male,Married-civ-spouse,Husband,Some-college,76.3161335413509
292,<=50K,Asian-Pac-Islander,Male,Never-married,Husband,Bachelors,20.224202761021225
293,<=50K,White,Male,Married-spouse-absent,Husband,Bachelors,27.6156307051366
294,<=50K,Black,Female,Never-married,Husband,Bachelors,88.90186580867805
295,<=50K,White,Male,Married-civ-spouse,Other-relative,Bachelors,83.17275320915687
296,<=50K,White,Male,Separated,Not-in-family,HS-grad,20.175334538507705
297,>50K,White,Male,Married-spouse-absent,Not-in-family,Bachelors,85.2014719553621
298,<=50K,White,Male,Never-married,Own-child,HS-grad,53.00024709942882
299,<=50K,White,Female,Married-civ-spouse,Husband,Some-college,52.38702348295506
300,<=50K,White,Female,Divorced,Unmarried,HS-grad,72.36627753211461
301,<=50K,White,Female,Married-civ-spouse,Not-in-family,HS-grad,47.52817430422736
302,<=50K,White,Male,Never-married,Unmarried,Doctorate,24.19877054477464
303,<=50K,White,Male,Never-married,Husband,11th,70.80243169220364
304,<=50K,White,Male,Married-civ-spouse,Not-in-family,Bachelors,38.56486075414938
305,<=50K,White,Male,Never-married,Husband,Some-college,63.386718748130775
306,<=50K,White,Male,Never-married,Other-relative,HS-grad,30.314150917974153
307,<=50K,White,Male,Never-married,Not-in-family,HS-grad,77.8297173799167
308,>50K,White,Male,Married-civ-spouse,Not-in-family,Assoc-voc,35.207524168619656
309,<=50K,White,Male,Never-married,Not-in-family,10th,82.54306146925163
310,<=50K,Asian-Pac-Islander,Male,Married-civ-spouse,Not-in-family,Masters,24.32868050052296
311,<=50K,White,Male,Never-married,Own-child,Assoc-voc,51.58343730706424
312,<=50K,White,Male,Divorced,Own-child,Some-college,69.34141739738968
313,>50K,White,Male,Divorced,Husband,Some-college,20.116843304002128
314,<=50K,Black,Female,Married-civ-spouse,Own-child,Bachelors,88.46257354055406
315,<=50K,White,Male,Divorced,Unmarried,Masters,58.33033251401487
316,<=50K,White,Male,Never-married,Not-in-family,Bachelors,82.7489844673047
317,<=50K,White,Male,Married-civ-spouse,Not-in-family,10th,74.9522145082006
318,<=50K,White,Female,Married-civ-spouse,Own-child,11th,50.18823896487876
319,<=50K,White,Female,Never-married,Husband,HS-grad,39.07337325558146
320,<=50K,White,Male,Never-married,Wife,Some-college,88.74356352759912
321,<=50K,White,Male,Never-married,Husband,Masters,79.15347652112436
322,<=50K,White,Male,Married-civ-spouse,Not-in-family,Bachelors,62.8040171082854
323,<=50K,White,Male,Married-civ-spouse,Not-in-family,Some-college,17.09013327401868
324,<=50K,White,Male,Never-married,Not-in-family,HS-grad,67.38428766189186
325,<=50K,White,Male,Never-married,Husband,HS-grad,60.06582997885308
326,>50K,White,Male,Married-civ-spouse,Husband,Masters,69.04627427675175
327,<=50K,White,Male,Never-married,Husband,Bachelors,39.72198962402742
328,<=50K,White,Male,Never-married,Not-in-family,10th,86.9124968895275
329,<=50K,White,Female,Divorced,Husband,7th-8th,59.132193555178375
330,<=50K,White,Male,Never-married,Not-in-family,Bachelors,38.369331062769355
331,<=50K,White,Male,Never-married,Own-child,7th-8th,80.6806179683405
332,<=50K,White,Male,Never-married,Own-child,Some-college,27.653701097347223
333,<=50K,White,Male,Married-spouse-absent,Husband,HS-grad,89.51068366157247
334,<=50K,Other,Male,Married-civ-spouse,Unmarried,Assoc-acdm,20.10551391275473
335,<=50K,Black,Male,Never-married,Not-in-family,HS-grad,54.99475850561473
336,<=50K,Black,Female,Married-civ-spouse,Unmarried,11th,27.127593543003027
337,>50K,White,Male,Married-civ-spouse,Husband,Bachelors,37.0550937940184
338,<=50K,White,Female,Never-married,Own-child,HS-grad,30.384697229632387
339,<=50K,White,Male,Never-married,Unmarried,Doctorate,47.31357097621484
340,<=50K,White,Male,Married-civ-spouse,Not-in-family,Some-college,44.50716514301853
341,>50K,Black,Male,Married-civ-spouse,Husband,HS-grad,21.172861704889772
342,<=50K,White,Female,Never-married,Husband,Some-college,87.60583296780328
343,<=50K,White,Female,Never-married,Not-in-family,Some-college,68.96546702895196
344,<=50K,White,Male,Never-married,Not-in-family,HS-grad,33.62900565966371
345,<=50K,Amer-Indian-Eskimo,Male,Married-civ-spouse,Other-relative,HS-grad,59.02585914414735
346,<=50K,White,Male,Married-civ-spouse,Own-child,Bachelors,69.56629567227412
347,>50K,White,Male,Married-civ-spouse,Not-in-family,Bachelors,76.70940795390426
348,<=50K,White,Female,Married-civ-spouse,Own-child,HS-grad,63.67073933759182
349,<=50K,White,Male,Married-civ-spouse,Own-child,HS-grad,26.728424456775695
350,<=50K,White,Female,Married-civ-spouse,Husband,Some-college,32.17712418091853
351,>50K,Black,Male,Married-civ-spouse,Other-relative,Masters,55.88406774503562
352,>50K,White,Female,Divorced,Not-in-family,Assoc-voc,30.166485705652782
353,<=50K,White,Male,Never-married,Not-in-family,Bachelors,62.27405531083517
354,<=50K,White,Female,Married-civ-spouse,Not-in-family,Masters,76.20164299955644
355,<=50K,White,Male,Never-married,Unmarried,11th,86.9259657740258
356,<=50K,Black,Male,Married-civ-spouse,Not-in-family,HS-grad,68.72223712562857
357,<=50K,White,Female,Married-civ-spouse,Other-relative,HS-grad,20.881528132898122
358,<=50K,White,Male,Married-civ-spouse,Husband,Some-college,39.214476370300815
359,<=50K,White,Female,Married-civ-spouse,Own-child,HS-grad,34.20802203850474
360,<=50K,White,Male,Never-married,Not-in-family,9th,51.88484082157266
361,<=50K,White,Male,Divorced,Other-relative,Assoc-acdm,44.83926601724919
362,<=50K,White,Male,Married-civ-spouse,Husband,Bachelors,48.789801850155115
363,<=50K,White,Female,Never-married,Husband,Bachelors,53.62114621174856
364,<=50K,White,Male,Never-married,Husband,Prof-school,36.23364296453035
365,<=50K,Asian-Pac-Islander,Male,Never-married,Other-relative,7th-8th,24.695987674510782
366,<=50K,White,Female,Divorced,Not-in-family,Assoc-voc,31.92720494075772
367,<=50K,White,Male,Married-civ-spouse,Husband,Some-college,33.825976199209265
368,<=50K,White,Female,Never-married,Husband,Some-college,27.229012073439826
369,<=50K,White,Male,Divorced,Husband,10th,42.48049927735304
370,<=50K,Asian-Pac-Islander,Female,Divorced,Husband,HS-grad,57.47332398525984
371,>50K,White,Male,Married-civ-spouse,Unmarried,Doctorate,21.361170075462063
372,<=50K,White,Male,Never-married,Husband,Bachelors,24.471552344891542
373,<=50K,White,Male,Never-married,Husband,Some-college,25.079627545450126
374,<=50K,White,Male,Married-civ-spouse,Not-in-family,Assoc-voc,51.00977420040508
375,<=50K,White,Male,Married-civ-spouse,Own-child,Some-college,84.86393584170784
376,<=50K,White,Female,Never-married,Unmarried,HS-grad,88.22975664228939
377,<=50K,White,Female,Divorced,Own-child,10th,51.67545915784905
378,<=50K,White,Male,Married-civ-spouse,Husband,Some-college,64.72092459316727
379,<=50K,White,Female,Married-civ-spouse,Not-in-family,Assoc-acdm,56.85759161674894
380,<=50K,Black,Female,Never-married,Unmarried,Some-college,38.896624913704905
381,>50K,White,Male,Married-civ-spouse,Not-in-family,Some-college,27.131740720199055
382,<=50K,Asian-Pac-Islander,Male,Never-married,Own-child,Some-college,21.39872184851033
383,<=50K,White,Male,Married-civ-spouse,Own-child,Bachelors,59.266803902774875
384,<=50K,White,Female,Separated,Wife,11th,37.78448690195701
385,>50K,White,Male,Married-civ-spouse,Not-in-family,HS-grad,52.130476743776484
386,<=50K,White,Female,Never-married,Husband,Assoc-voc,19.172992760915456
387,<=50K,White,Male,Married-civ-spouse,Husband,HS-grad,57.20365094632177
388,<=50K,White,Male,Married-civ-spouse,Not-in-family,Some-college,58.170764685107166
389,<=50K,White,Male,Never-married,Not-in-family,Some-college,54.238912278583285
390,>50K,White,Male,Married-civ-spouse,Unmarried,HS-grad,32.44570319120476
391,<=50K,Black,Male,Never-married,Unmarried,HS-grad,63.27122518974271
392,<=50K,White,Female,Married-civ-spouse,Not-in-family,10th,29.633008299456264
393,<=50K,White,Female,Never-married,Husband,HS-grad,39.45000421142816
394,<=50K,Black,Female,Married-civ-spouse,Unmarried,Assoc-voc,54.68535236879369
395,<=50K,White,Male,Divorced,Unmarried,HS-grad,38.44297365554836
396,>50K,White,Male,Married-civ-spouse,Husband,HS-grad,39.532700097408195
397,>50K,White,Male,Married-civ-spouse,Husband,5th-6th,89.28359441187457
398,>50K,Black,Female,Married-civ-spouse,Own-child,HS-grad,82.95295990860242
399,<=50K,White,Male,Never-married,Husband,Bachelors,51.50374063644148
400,<=50K,White,Male,Married-civ-spouse,Unmarried,Masters,80.43883499395916
401,>50K,Black,Male,Married-civ-spouse,Wife,HS-grad,18.312771366317403
402,<=50K,White,Female,Never-married,Husband,HS-grad,64.17730986445335
403,<=50K,White,Male,Never-married,Not-in-family,HS-grad,77.37939101275538
404,>50K,White,Male,Married-civ-spouse,Husband,Some-college,73.82070196957835
405,<=50K,White,Male,Married-civ-spouse,Husband,Bachelors,31.416829446068313
406,<=50K,White,Male,Never-married,Own-child,Bachelors,58.470675652230106
407,<=50K,White,Female,Never-married,Husband,HS-grad,30.843590304232293
408,<=50K,White,Male,Never-married,Husband,5th-6th,39.66127352063701
409,<=50K,White,Female,Never-married,Own-child,HS-grad,58.07465361468915
410,<=50K,Black,Female,Never-married,Own-child,HS-grad,33.714879451766464
411,>50K,White,Male,Married-civ-spouse,Husband,HS-grad,35.74977831307328
412,<=50K,Black,Female,Never-married,Husband,Some-college,78.19144584172301
413,<=50K,Asian-Pac-Islander,Female,Married-civ-spouse,Husband,Some-college,19.713053315688537
414,<=50K,Black,Male,Never-married,Husband,Prof-school,54.59094025619903
415,<=50K,White,Male,Widowed,Not-in-family,10th,82.54346692800189
416,<=50K,White,Female,Divorced,Wife,HS-grad,62.03884302582752
417,<=50K,White,Female,Married-civ-spouse,Husband,HS-grad,38.55263168513977
418,<=50K,White,Male,Never-married,Husband,Some-college,51.34630269446011
419,<=50K,White,Male,Married-civ-spouse,Husband,Masters,84.85650250710856
420,<=50K,White,Male,Never-married,Not-in-family,Some-college,83.09784004685602
421,>50K,White,Female,Never-married,Own-child,Doctorate,80.86932033182714
422,<=50K,White,Female,Never-married,Not-in-family,11th,54.766788543555855
423,<=50K,White,Male,Married-civ-spouse,Husband,Bachelors,62.3049448372656
424,<=50K,White,Female,Never-married,Own-child,Bachelors,37.92476420503683
425,<=50K,White,Male,Never-married,Own-child,Prof-school,24.67015211200276
426,<=50K,Amer-Indian-Eskimo,Male,Never-married,Not-in-family,Some-college,22.537055386862612
427,<=50K,White,Male,Married-civ-spouse,Not-in-family,Masters,49.21050115250023
428,>50K,White,Male,Married-civ-spouse,Own-child,HS-grad,17.63621612659466
429,<=50K,White,Female,Never-married,Not-in-family,HS-grad,27.53048706299365
430,>50K,White,Male,Married-civ-spouse,Husband,Bachelors,52.40199036225087
431,<=50K,White,Male,Never-married,Unmarried,Masters,71.43630413379421
432,>50K,White,Male,Married-civ-spouse,Husband,Some-college,60.305266390675214
433,>50K,White,Male,Married-civ-spouse,Husband,Bachelors,32.604634630495994
434,<=50K,White,Female,Married-civ-spouse,Own-child,Bachelors,24.35528397278506
435,<=50K,White,Male,Divorced,Not-in-family,Bachelors,33.0464922558667
436,>50K,White,Male,Married-civ-spouse,Wife,Bachelors,71.18354698450943
437,<=50K,White,Male,Divorced,Own-child,Some-college,26.7914787361824
438,<=50K,White,Male,Never-married,Husband,12th,20.071433370496756
439,<=50K,Asian-Pac-Islander,Female,Never-married,Not-in-family,HS-grad,81.44952615460973
440,<=50K,White,Male,Never-married,Own-child,HS-grad,71.06705170527309
441,<=50K,White,Female,Never-married,Own-child,Masters,89.23841060742737
442,>50K,White,Male,Married-civ-spouse,Husband,HS-grad,61.06833197820021
443,>50K,White,Male,Married-civ-spouse,Own-child,Some-college,39.14197644335108
444,<=50K,Other,Male,Married-civ-spouse,Other-relative,HS-grad,35.82668259462754
445,<=50K,White,Female,Never-married,Not-in-family,Bachelors,67.96938551725671
446,<=50K,White,Male,Married-civ-spouse,Not-in-family,Some-college,71.3128538958745
447,<=50K,White,Female,Married-civ-spouse,Own-child,HS-grad,65.11597974213214
448,<=50K,White,Male,Married-spouse-absent,Not-in-family,Some-college,61.725926111116664
449,<=50K,White,Female,Married-civ-spouse,Husband,Some-college,83.97741741341687
450,>50K,White,Male,Divorced,Own-child,HS-grad,47.14668260509421
451,<=50K,White,Male,Married-civ-spouse,Not-in-family,HS-grad,86.71764532565874
452,<=50K,White,Male,Never-married,Husband,Assoc-voc,89.93241347978226
453,<=50K,White,Female,Never-married,Wife,Some-college,25.6541587196833
454,<=50K,White,Female,Never-married,Not-in-family,Masters,66.50599019821283
455,<=50K,White,Female,Never-married,Other-relative,HS-grad,75.31863660529926
456,>50K,White,Male,Married-civ-spouse,Not-in-family,Some-college,81.093669765088
457,<=50K,White,Female,Divorced,Not-in-family,Bachelors,23.78391334050181
458,>50K,White,Male,Married-civ-spouse,Unmarried,Prof-school,48.90999205396115
459,<=50K,Asian-Pac-Islander,Male,Married-civ-spouse,Not-in-family,Some-college,36.41445391905328
460,<=50K,White,Female,Married-civ-spouse,Husband,Assoc-acdm,21.278541529434513
461,<=50K,Black,Male,Widowed,Not-in-family,Some-college,89.11928095067917
462,<=50K,White,Male,Never-married,Not-in-family,Assoc-acdm,86.4614047902116
463,>50K,White,Female,Married-civ-spouse,Wife,Bachelors,81.91115107004359
464,<=50K,Black,Male,Never-married,Husband,Bachelors,39.572197715247945
465,<=50K,White,Female,Separated,Husband,Assoc-voc,77.67346466408787
466,<=50K,White,Male,Divorced,Other-relative,Bachelors,19.357732495738972
467,<=50K,White,Male,Divorced,Husband,Some-college,84.297203369217
468,<=50K,White,Female,Married-civ-spouse,Unmarried,Some-college,74.21098631436482
469,<=50K,White,Male,Married-civ-spouse,Own-child,5th-6th,52.85381543724547
470,<=50K,White,Male,Married-civ-spouse,Not-in-family,HS-grad,66.38439572305316
471,<=50K,White,Male,Widowed,Husband,Bachelors,42.46793423515619
472,<=50K,White,Male,Never-married,Wife,Masters,71.3139318457193
473,<=50K,White,Female,Never-married,Unmarried,HS-grad,38.50676015500649
474,<=50K,White,Male,Married-civ-spouse,Not-in-family,HS-grad,43.51232905814959
475,<=50K,White,Female,Never-married,Wife,Assoc-voc,85.94020305613431
476,>50K,Asian-Pac-Islander,Male,Widowed,Other-relative,Bachelors,54.21314391198261
477,<=50K,White,Female,Never-married,Husband,HS-grad,70.99332943927112
478,<=50K,White,Female,Married-civ-spouse,Husband,Assoc-acdm,19.357467681919296
479,<=50K,White,Male,Divorced,Other-relative,HS-grad,70.54084446224844
480,<=50K,White,Female,Never-married,Not-in-family,Bachelors,27.62988319087651
481,<=50K,White,Male,Married-civ-spouse,Not-in-family,Some-college,72.89504025386069
482,<=50K,White,Female,Never-married,Not-in-family,Some-college,80.23223821359498
483,<=50K,Amer-Indian-Eskimo,Female,Married-civ-spouse,Not-in-family,7th-8th,27.3634437512014
484,>50K,Black,Male,Married-civ-spouse,Husband,Bachelors,81.42087251284242
485,>50K,Black,Male,Married-civ-spouse,Other-relative,HS-grad,39.99284118537235
486,>50K,White,Female,Never-married,Own-child,HS-grad,67.75767279327712
487,<=50K,White,Male,Married-civ-spouse,Husband,1st-4th,85.72363331890787
488,<=50K,White,Male,Married-civ-spouse,Husband,Some-college,84.46991417150353
489,<=50K,White,Female,Married-civ-spouse,Unmarried,HS-grad,39.28168025799607
490,<=50K,White,Female,Divorced,Unmarried,HS-grad,63.81652246675997
491,>50K,White,Male,Married-civ-spouse,Other-relative,Prof-school,39.627893171386496
492,<=50K,White,Female,Married-civ-spouse,Husband,HS-grad,29.241242747342056
493,<=50K,White,Male,Never-married,Wife,HS-grad,56.624611562358744
494,>50K,White,Female,Married-civ-spouse,Other-relative,Some-college,39.419340653905905
495,<=50K,White,Male,Married-civ-spouse,Husband,HS-grad,32.526475900962836
496,<=50K,White,Male,Never-married,Not-in-family,HS-grad,66.25047033397482
497,<=50K,Black,Female,Married-civ-spouse,Unmarried,HS-grad,47.84393400318233
498,<=50K,White,Female,Never-married,Husband,Some-college,71.55603764922866
499,<=50K,White,Female,Separated,Not-in-family,Some-college,31.730430520357118
500,<=50K,White,Male,Never-married,Wife,5th-6th,58.31169082505063
501,<=50K,White,Female,Divorced,Husband,Assoc-acdm,51.46898918166433
502,<=50K,White,Female,Married-civ-spouse,Own-child,HS-grad,42.2077925472382
503,>50K,White,Male,Married-civ-spouse,Own-child,Some-college,40.32387299127702
504,<=50K,White,Female,Divorced,Unmarried,7th-8th,50.18149880436253
505,<=50K,White,Male,Never-married,Not-in-family,HS-grad,38.977720618250224
506,<=50K,White,Female,Married-civ-spouse,Own-child,Bachelors,59.23322295285244
507,<=50K,White,Female,Married-civ-spouse,Unmarried,Bachelors,34.627659122851995
508,<=50K,White,Male,Never-married,Unmarried,Bachelors,23.624833993369663
509,<=50K,White,Female,Never-married,Husband,Bachelors,73.65020434534173
510,<=50K,White,Female,Never-married,Husband,Some-college,71.41008782511123
511,<=50K,White,Male,Married-civ-spouse,Unmarried,Assoc-acdm,38.122317437574054
512,<=50K,White,Female,Never-married,Not-in-family,11th,66.42231907870132
513,<=50K,Black,Male,Never-married,Wife,Bachelors,51.769733419308906
514,<=50K,White,Female,Never-married,Not-in-family,Some-college,89.13371228248847
515,<=50K,Black,Male,Divorced,Not-in-family,Masters,84.46931672975161
516,<=50K,White,Male,Married-civ-spouse,Unmarried,Some-college,34.796029176916214
517,<=50K,White,Male,Married-civ-spouse,Husband,Assoc-voc,70.73931389828799
518,<=50K,White,Male,Married-civ-spouse,Husband,Bachelors,38.165801951039
519,>50K,White,Male,Married-civ-spouse,Husband,Bachelors,28.800294929483996
520,<=50K,White,Female,Never-married,Husband,HS-grad,32.57950860452941
521,<=50K,White,Female,Never-married,Not-in-family,Bachelors,86.19451409674122
522,<=50K,White,Female,Divorced,Unmarried,HS-grad,89.41956223397344
523,<=50K,Black,Male,Married-civ-spouse,Unmarried,Bachelors,81.79878024209587
524,<=50K,White,Female,Married-civ-spouse,Husband,HS-grad,60.022631718801925
525,>50K,White,Male,Married-civ-spouse,Not-in-family,Assoc-acdm,59.64180110263278
526,>50K,White,Female,Married-civ-spouse,Not-in-family,Some-college,65.03767557898391
527,<=50K,White,Female,Married-civ-spouse,Husband,Assoc-voc,80.1612191122701
528,>50K,White,Female,Married-civ-spouse,Husband,HS-grad,31.169772901397486
529,<=50K,White,Female,Married-civ-spouse,Not-in-family,Some-college,18.391623907375784
530,<=50K,White,Male,Divorced,Unmarried,HS-grad,43.27938544676833
531,>50K,White,Male,Married-civ-spouse,Husband,Some-college,33.38388552411763
532,<=50K,White,Female,Never-married,Husband,HS-grad,63.80017727825049
533,<=50K,White,Female,Divorced,Not-in-family,10th,39.460886661114486
534,>50K,Asian-Pac-Islander,Female,Married-civ-spouse,Own-child,HS-grad,28.750758567993934
535,>50K,White,Male,Married-civ-spouse,Husband,Bachelors,33.66143060194773
536,<=50K,White,Female,Never-married,Not-in-family,Some-college,33.69419209342259
537,<=50K,Black,Male,Married-civ-spouse,Husband,HS-grad,54.28362883018217
538,<=50K,White,Male,Married-civ-spouse,Husband,HS-grad,34.08789617289614
539,<=50K,Amer-Indian-Eskimo,Male,Divorced,Not-in-family,Doctorate,38.65450642960788
540,<=50K,White,Male,Married-civ-spouse,Unmarried,HS-grad,75.68135008226108
541,<=50K,White,Female,Never-married,Husband,HS-grad,53.83310170942371
542,<=50K,White,Male,Never-married,Husband,HS-grad,34.97313520873378
543,<=50K,Amer-Indian-Eskimo,Male,Never-married,Not-in-family,Assoc-acdm,44.63010117292329
544,<=50K,White,Male,Married-civ-spouse,Own-child,HS-grad,77.5905553302695
545,<=50K,Black,Female,Widowed,Wife,Assoc-voc,79.21630596442525
546,<=50K,White,Female,Married-civ-spouse,Not-in-family,Some-college,48.61285687016927
547,<=50K,White,Female,Married-civ-spouse,Husband,Bachelors,47.957390147662
548,>50K,White,Male,Married-civ-spouse,Husband,HS-grad,62.5533929194513
549,<=50K,White,Female,Never-married,Unmarried,Some-college,36.82335889512074
550,<=50K,White,Male,Never-married,Husband,11th,29.261442842421122
551,<=50K,Black,Male,Never-married,Not-in-family,HS-grad,28.103882164285785
552,>50K,White,Male,Married-civ-spouse,Own-child,Bachelors,78.69688598400757
553,>50K,White,Male,Married-civ-spouse,Husband,Masters,71.61817833569687
554,<=50K,Black,Female,Married-civ-spouse,Own-child,HS-grad,48.65546348420604
555,<=50K,White,Male,Never-married,Husband,HS-grad,56.49805924515029
556,>50K,White,Male,Married-civ-spouse,Husband,Assoc-acdm,68.92276034553375
557,>50K,White,Male,Married-civ-spouse,Husband,Assoc-voc,37.52563205378469
558,<=50K,White,Male,Never-married,Husband,Doctorate,27.11255569593272
559,<=50K,White,Male,Married-civ-spouse,Husband,Bachelors,57.616235198902146
560,>50K,White,Male,Married-civ-spouse,Husband,HS-grad,24.577836722735913
561,<=50K,White,Female,Married-civ-spouse,Husband,Assoc-voc,87.84758553551939
562,<=50K,White,Female,Widowed,Not-in-family,Some-college,71.78647460434816
563,<=50K,White,Female,Married-civ-spouse,Husband,Assoc-voc,53.84617877552111
564,>50K,White,Male,Married-civ-spouse,Own-child,7th-8th,55.826146014096196
565,<=50K,White,Male,Married-civ-spouse,Husband,Some-college,31.16473039138161
566,<=50K,White,Male,Married-spouse-absent,Own-child,Bachelors,69.93974113631342
567,<=50K,White,Male,Never-married,Husband,Masters,81.68719814476977
568,<=50K,White,Female,Married-civ-spouse,Husband,Some-college,35.46358859020101
569,<=50K,White,Male,Divorced,Husband,HS-grad,34.51704339340387
570,<=50K,White,Male,Never-married,Not-in-family,HS-grad,77.00359514707517
571,<=50K,White,Female,Married-civ-spouse,Own-child,HS-grad,18.3121954626824
572,<=50K,White,Male,Separated,Husband,Some-college,67.71065139651604
573,<=50K,White,Female,Divorced,Husband,Some-college,32.2063289527035
574,<=50K,White,Female,Divorced,Unmarried,Bachelors,60.35703050754078
575,>50K,White,Male,Married-civ-spouse,Own-child,Prof-school,33.435868582713766
576,<=50K,White,Female,Never-married,Not-in-family,Assoc-voc,46.44002484007915
577,<=50K,White,Female,Divorced,Own-child,Masters,73.30153181189942
578,<=50K,White,Male,Married-spouse-absent,Own-child,10th,36.18804630803051
579,<=50K,White,Male,Married-civ-spouse,Husband,Bachelors,51.96308470034895
580,<=50K,White,Male,Married-civ-spouse,Wife,Some-college,29.007067285525693
581,<=50K,White,Female,Married-civ-spouse,Own-child,Some-college,61.70191174931543
582,>50K,White,Male,Married-civ-spouse,Husband,Some-college,48.85815946666556
583,<=50K,White,Female,Married-civ-spouse,Not-in-family,HS-grad,88.15956433360864
584,<=50K,White,Female,Married-civ-spouse,Not-in-family,10th,85.33377350499373
585,<=50K,White,Female,Married-civ-spouse,Own-child,HS-grad,69.92972914278641
586,>50K,White,Male,Married-civ-spouse,Other-relative,Masters,86.40921365514095
587,>50K,White,Male,Married-civ-spouse,Husband,Assoc-acdm,77.78962033346102
588,>50K,White,Male,Divorced,Wife,11th,83.13174431783438
589,>50K,White,Male,Married-civ-spouse,Not-in-family,11th,30.93383203447624
590,<=50K,White,Female,Never-married,Husband,Masters,19.774375056418666
591,<=50K,White,Female,Married-civ-spouse,Not-in-family,9th,50.610434991536785
592,>50K,White,Male,Married-civ-spouse,Not-in-family,HS-grad,32.73292695416557
593,<=50K,White,Female,Married-civ-spouse,Husband,Assoc-acdm,51.22779377958157
594,>50K,White,Male,Married-civ-spouse,Not-in-family,10th,36.74575350420906
595,<=50K,White,Male,Never-married,Wife,Bachelors,51.28055728549142
596,<=50K,Black,Female,Divorced,Own-child,Some-college,64.87386384594089
597,<=50K,White,Female,Never-married,Husband,Bachelors,41.63206090695776
598,<=50K,White,Male,Divorced,Unmarried,Prof-school,84.12512973582363
599,<=50K,White,Male,Married-civ-spouse,Husband,Bachelors,80.49491292158595
600,<=50K,White,Female,Divorced,Husband,Some-college,85.05204014120841
601,<=50K,White,Male,Divorced,Unmarried,HS-grad,70.6664437011811
602,<=50K,White,Female,Never-married,Husband,Some-college,85.19402976783557
603,>50K,White,Male,Never-married,Own-child,Bachelors,33.070403796647234
604,<=50K,White,Male,Never-married,Husband,HS-grad,57.95156300127049
605,<=50K,White,Male,Married-civ-spouse,Husband,Prof-school,23.843475767617143
606,<=50K,White,Male,Married-civ-spouse,Husband,Masters,77.02199749526532
607,<=50K,White,Male,Never-married,Not-in-family,Some-college,30.495077998309768
608,<=50K,White,Male,Never-married,Husband,HS-grad,28.90158950766189
609,<=50K,White,Male,Never-married,Not-in-family,Bachelors,74.27156817435345
610,<=50K,White,Female,Married-spouse-absent,Husband,Some-college,86.88208585198707
611,<=50K,White,Female,Never-married,Husband,HS-grad,81.47130753594682
612,<=50K,White,Male,Never-married,Husband,Assoc-acdm,77.03480163925974
613,<=50K,White,Male,Divorced,Not-in-family,Assoc-voc,82.45363106527206
614,>50K,White,Male,Married-civ-spouse,Husband,10th,32.05599768475214
615,<=50K,White,Male,Married-civ-spouse,Other-relative,HS-grad,38.442792594031204
616,<=50K,White,Female,Married-civ-spouse,Husband,Bachelors,59.58917097584837
617,<=50K,Black,Male,Never-married,Not-in-family,Bachelors,28.977598324137915
618,>50K,White,Male,Divorced,Unmarried,HS-grad,36.24326407235796
619,<=50K,White,Male,Divorced,Other-relative,Bachelors,66.72726331504657
620,>50K,White,Male,Married-civ-spouse,Not-in-family,Some-college,80.05990365264886
621,<=50K,Black,Male,Separated,Husband,11th,46.071941288354125
622,<=50K,Black,Male,Married-civ-spouse,Own-child,Doctorate,38.21500189040479
623,>50K,White,Male,Married-civ-spouse,Husband,Some-college,42.201587385714745
624,<=50K,White,Male,Divorced,Own-child,HS-grad,59.1410664838805
625,<=50K,White,Male,Married-civ-spouse,Not-in-family,Assoc-voc,47.798942833766375
626,<=50K,White,Male,Never-married,Husband,HS-grad,52.99121029391123
627,<=50K,White,Male,Never-married,Own-child,HS-grad,81.09888591963093
628,<=50K,White,Female,Married-civ-spouse,Wife,Some-college,26.750505482803625
629,>50K,White,Male,Married-civ-spouse,Unmarried,Bachelors,45.788469744468976
630,<=50K,Black,Male,Divorced,Husband,HS-grad,83.84613488801246
631,<=50K,White,Male,Never-married,Not-in-family,HS-grad,53.18335158986277
632,>50K,White,Male,Married-civ-spouse,Husband,Bachelors,79.04925948213962
633,<=50K,White,Female,Never-married,Not-in-family,HS-grad,84.84134349696777
634,>50K,White,Male,Married-civ-spouse,Own-child,Some-college,73.77192573143202
635,<=50K,White,Male,Never-married,Own-child,Bachelors,86.32347670057106
636,<=50K,White,Male,Never-married,Not-in-family,Prof-school,17.66158278789252
637,<=50K,White,Female,Separated,Own-child,Bachelors,49.75761736164366
638,>50K,White,Male,Married-civ-spouse,Not-in-family,11th,18.17714655119001
639,<=50K,White,Male,Never-married,Wife,HS-grad,64.89707797402494
640,<=50K,White,Male,Divorced,Not-in-family,Bachelors,44.858387145942814
641,<=50K,White,Female,Married-civ-spouse,Unmarried,HS-grad,87.62632636324663
642,>50K,White,Male,Divorced,Not-in-family,HS-grad,80.42437881565105
643,<=50K,Black,Male,Married-civ-spouse,Unmarried,Doctorate,47.975479318642854
644,<=50K,White,Male,Divorced,Wife,Some-college,40.07222243233108
645,<=50K,White,Male,Never-married,Husband,Some-college,77.9926376272457
646,<=50K,White,Female,Never-married,Husband,Some-college,58.021365180246974
647,<=50K,White,Male,Married-spouse-absent,Husband,HS-grad,65.9316179596692
648,<=50K,White,Female,Married-civ-spouse,Not-in-family,Some-college,60.11903506375749
649,<=50K,White,Female,Divorced,Own-child,Bachelors,77.61906327381445
650,<=50K,White,Male,Married-civ-spouse,Not-in-family,HS-grad,29.744298722887425
651,<=50K,White,Male,Never-married,Own-child,Bachelors,51.36669309808766
652,>50K,White,Male,Married-civ-spouse,Husband,Some-college,26.141824291976935
653,<=50K,White,Female,Married-civ-spouse,Unmarried,Bachelors,63.88229098724022
654,<=50K,White,Male,Married-spouse-absent,Husband,Some-college,20.210615030684473
655,<=50K,White,Female,Divorced,Not-in-family,Some-college,53.77548040954533
656,<=50K,White,Male,Divorced,Not-in-family,Assoc-voc,80.93586614718089
657,<=50K,White,Male,Never-married,Husband,Some-college,49.39839213220896
658,<=50K,Black,Female,Married-civ-spouse,Not-in-family,HS-grad,27.40564726873817
659,<=50K,Black,Male,Married-civ-spouse,Husband,Bachelors,52.532077461395
660,<=50K,White,Female,Never-married,Unmarried,Masters,57.18097278759888
661,<=50K,Black,Male,Married-civ-spouse,Unmarried,10th,21.248295754615473
662,<=50K,Black,Male,Married-civ-spouse,Own-child,Some-college,81.90949334871026
663,<=50K,White,Female,Never-married,Not-in-family,Preschool,40.84487081228278
664,<=50K,White,Female,Widowed,Husband,HS-grad,38.42866647820788
665,>50K,White,Male,Married-civ-spouse,Own-child,Bachelors,29.695676193475542
666,<=50K,White,Female,Married-civ-spouse,Not-in-family,HS-grad,32.44976050707095
667,<=50K,Asian-Pac-Islander,Male,Never-married,Not-in-family,10th,60.6963090063969
668,<=50K,White,Male,Never-married,Not-in-family,Bachelors,63.94422335225828
669,<=50K,White,Male,Never-married,Husband,HS-grad,62.61075091642781
670,>50K,Black,Male,Never-married,Husband,1st-4th,65.75848991899659
671,<=50K,White,Male,Separated,Own-child,11th,66.17131850452886
672,<=50K,White,Female,Divorced,Unmarried,12th,87.37221233900172
673,<=50K,White,Male,Separated,Wife,Bachelors,29.270551809615824
674,<=50K,White,Female,Divorced,Husband,Assoc-voc,32.11275415960415
675,<=50K,Black,Male,Never-married,Unmarried,HS-grad,23.392422570965127
676,<=50K,White,Female,Married-civ-spouse,Husband,Some-college,82.61284308769581
677,<=50K,White,Male,Divorced,Husband,Some-college,19.967232981597864
678,>50K,White,Male,Married-civ-spouse,Husband,HS-grad,71.19403821037776
679,<=50K,White,Female,Never-married,Husband,Masters,51.15765850789839
680,<=50K,White,Male,Never-married,Own-child,HS-grad,64.53243938211402
681,>50K,White,Male,Married-civ-spouse,Unmarried,Assoc-voc,25.041211408130856
682,<=50K,White,Female,Divorced,Not-in-family,Bachelors,28.53672033537181
683,<=50K,White,Female,Married-civ-spouse,Not-in-family,Assoc-acdm,81.22050262511196
684,<=50K,White,Male,Married-civ-spouse,Husband,Prof-school,64.66326221520777
685,<=50K,White,Male,Divorced,Unmarried,10th,31.369810000722765
686,>50K,White,Male,Married-civ-spouse,Not-in-family,Bachelors,47.64211357133432
687,<=50K,White,Female,Never-married,Husband,Bachelors,17.53731926976586
688,<=50K,White,Male,Divorced,Not-in-family,Bachelors,70.539858205566
689,<=50K,Asian-Pac-Islander,Female,Never-married,Not-in-family,Some-college,22.50171678645432
690,<=50K,Black,Male,Divorced,Not-in-family,Assoc-voc,89.39405779404116
691,<=50K,White,Female,Divorced,Husband,11th,84.25680948842482
692,<=50K,White,Female,Married-civ-spouse,Own-child,Masters,37.97523511827015
693,<=50K,White,Female,Divorced,Husband,9th,46.0914548724588
694,<=50K,White,Female,Never-married,Own-child,Some-college,70.57059613350718
695,>50K,White,Male,Married-civ-spouse,Husband,Some-college,66.35917735086315
696,<=50K,White,Male,Married-civ-spouse,Not-in-family,Masters,89.97025274209764
697,<=50K,White,Male,Never-married,Husband,Assoc-voc,82.47474817476834
698,<=50K,White,Female,Widowed,Husband,Bachelors,53.02798507386173
699,<=50K,White,Female,Never-married,Husband,HS-grad,57.25711970264168
700,>50K,White,Male,Married-civ-spouse,Husband,Assoc-voc,65.4230902616425
701,<=50K,Black,Male,Married-civ-spouse,Not-in-family,Masters,82.20079588091437
702,<=50K,White,Male,Married-civ-spouse,Husband,7th-8th,73.63649745049982
703,>50K,White,Male,Married-civ-spouse,Not-in-family,HS-grad,34.474143711245
704,<=50K,White,Female,Separated,Not-in-family,HS-grad,45.83022912295082
705,<=50K,White,Female,Separated,Wife,Assoc-voc,33.97890474619478
706,<=50K,White,Female,Married-civ-spouse,Unmarried,HS-grad,31.11922086616206
707,<=50K,White,Female,Never-married,Husband,Some-college,69.32024665149763
708,<=50K,White,Male,Never-married,Not-in-family,HS-grad,75.15007785309813
709,<=50K,White,Female,Married-civ-spouse,Not-in-family,Bachelors,19.929449809320975
710,>50K,White,Male,Married-civ-spouse,Husband,HS-grad,45.17752387388154
711,<=50K,White,Male,Married-civ-spouse,Husband,HS-grad,83.76375212763666
712,<=50K,White,Male,Never-married,Husband,Bachelors,61.91215217794804
713,<=50K,White,Male,Married-civ-spouse,Husband,HS-grad,29.598578225432785
714,<=50K,White,Male,Divorced,Own-child,HS-grad,88.21733734133818
715,<=50K,White,Male,Never-married,Not-in-family,HS-grad,44.05415156924914
716,<=50K,White,Female,Married-civ-spouse,Husband,HS-grad,63.40178872654037
717,<=50K,Other,Male,Never-married,Husband,HS-grad,43.09836081800826
718,>50K,White,Male,Married-civ-spouse,Not-in-family,Bachelors,39.463916101118436
719,<=50K,White,Male,Married-spouse-absent,Husband,Some-college,75.41430343436878
720,<=50K,White,Male,Never-married,Not-in-family,HS-grad,25.597598044874207
721,>50K,White,Male,Married-civ-spouse,Husband,HS-grad,56.93520363854901
722,>50K,White,Male,Married-civ-spouse,Unmarried,Prof-school,44.28061227970795
723,<=50K,White,Male,Married-civ-spouse,Own-child,Masters,17.733072496251726
724,<=50K,White,Male,Never-married,Not-in-family,10th,82.22254030720762
725,>50K,White,Male,Married-civ-spouse,Own-child,HS-grad,48.98179436790606
726,>50K,White,Male,Married-civ-spouse,Unmarried,Bachelors,31.35168826049656
727,<=50K,White,Female,Never-married,Not-in-family,Bachelors,79.20978958287029
728,>50K,White,Male,Married-civ-spouse,Husband,Bachelors,85.2771591190936
729,<=50K,White,Male,Divorced,Husband,Prof-school,57.18229874455239
730,<=50K,White,Male,Never-married,Unmarried,Assoc-acdm,79.88547446143792
731,<=50K,White,Male,Divorced,Not-in-family,Prof-school,45.44835090314524
732,<=50K,White,Male,Married-spouse-absent,Wife,Some-college,40.43992847307936
733,<=50K,White,Male,Never-married,Not-in-family,HS-grad,67.96510546928135
734,>50K,White,Male,Married-civ-spouse,Not-in-family,Some-college,44.53794285556998
735,<=50K,White,Female,Never-married,Husband,Some-college,31.136998706393182
736,<=50K,White,Male,Married-civ-spouse,Husband,Bachelors,79.21216046572727
737,<=50K,White,Female,Widowed,Husband,12th,47.92124751630457
738,<=50K,White,Female,Never-married,Husband,5th-6th,62.176093460960956
739,<=50K,White,Male,Never-married,Unmarried,Assoc-voc,57.02604238721424
740,>50K,White,Male,Married-civ-spouse,Husband,HS-grad,60.65392116768295
741,>50K,White,Female,Married-civ-spouse,Not-in-family,Some-college,77.97841619791913
742,>50K,White,Male,Married-civ-spouse,Not-in-family,Some-college,24.003872915575933
743,<=50K,White,Male,Never-married,Not-in-family,10th,84.88731686965538
744,>50K,White,Male,Married-civ-spouse,Not-in-family,10th,51.73027792128825
745,<=50K,White,Male,Never-married,Husband,Bachelors,77.00930116801091
746,<=50K,White,Male,Married-civ-spouse,Husband,Bachelors,23.10964073588425
747,>50K,White,Male,Married-civ-spouse,Own-child,HS-grad,56.814194190030015
748,<=50K,Black,Female,Married-spouse-absent,Unmarried,Some-college,69.36554326411803
749,<=50K,Black,Female,Divorced,Unmarried,Assoc-voc,19.956494362700802
750,<=50K,White,Female,Divorced,Not-in-family,Bachelors,74.44471615452636
751,<=50K,Black,Male,Divorced,Unmarried,7th-8th,20.613328532504024
752,>50K,White,Male,Married-civ-spouse,Husband,Some-college,42.934119902772494
753,<=50K,White,Male,Never-married,Not-in-family,Doctorate,83.97240684382935
754,<=50K,White,Female,Married-civ-spouse,Husband,9th,56.94042172479679
755,<=50K,White,Male,Divorced,Not-in-family,Some-college,34.97453469244833
756,<=50K,White,Male,Never-married,Husband,Doctorate,86.29418027676721
757,<=50K,White,Female,Married-civ-spouse,Not-in-family,HS-grad,74.34245893005625
758,<=50K,White,Male,Divorced,Husband,HS-grad,46.08234260051728
759,<=50K,White,Female,Divorced,Husband,Some-college,52.16165544914548
760,<=50K,White,Male,Divorced,Not-in-family,HS-grad,70.40112890114413
761,>50K,Asian-Pac-Islander,Male,Married-civ-spouse,Husband,Bachelors,29.552609173094773
762,>50K,White,Female,Married-civ-spouse,Not-in-family,HS-grad,45.31793777601625
763,<=50K,White,Male,Never-married,Not-in-family,Bachelors,51.80975811753288
764,<=50K,White,Male,Separated,Husband,Assoc-voc,74.85887944389223
765,<=50K,White,Male,Married-civ-spouse,Husband,Some-college,49.53832862087407
766,<=50K,White,Female,Married-civ-spouse,Own-child,HS-grad,45.760241422010566
767,>50K,White,Male,Married-civ-spouse,Own-child,Bachelors,83.23572058347577
768,>50K,White,Male,Married-civ-spouse,Own-child,HS-grad,55.299569252523526
769,<=50K,White,Male,Separated,Husband,Some-college,29.67645789228785
770,<=50K,White,Male,Never-married,Not-in-family,7th-8th,85.82423566377379
771,<=50K,White,Male,Never-married,Wife,Some-college,57.33838568932021
772,<=50K,White,Male,Married-civ-spouse,Husband,Some-college,63.834889583485
773,<=50K,Asian-Pac-Islander,Female,Married-civ-spouse,Husband,HS-grad,49.65742084786551
774,>50K,White,Male,Married-civ-spouse,Not-in-family,7th-8th,63.003839424834126
775,>50K,White,Male,Never-married,Husband,Bachelors,34.75729569687492
776,<=50K,White,Female,Married-civ-spouse,Husband,Doctorate,76.3573923827682
777,>50K,White,Male,Married-civ-spouse,Husband,Bachelors,43.25895602058824
778,>50K,White,Female,Married-civ-spouse,Not-in-family,Bachelors,64.28686867973805
779,>50K,White,Male,Married-civ-spouse,Own-child,Some-college,39.8246905748113
780,<=50K,White,Male,Never-married,Husband,Bachelors,69.9126864356456
781,>50K,White,Male,Married-civ-spouse,Husband,11th,41.89951862166176
782,>50K,White,Male,Married-civ-spouse,Not-in-family,Doctorate,67.00871526388457
783,<=50K,White,Male,Divorced,Not-in-family,Masters,25.71006310995432
784,<=50K,White,Male,Divorced,Husband,10th,87.00896321303718
785,<=50K,White,Female,Never-married,Not-in-family,7th-8th,51.37360620368513
786,>50K,White,Male,Married-civ-spouse,Husband,HS-grad,53.47264186450036
787,>50K,White,Male,Married-civ-spouse,Not-in-family,Bachelors,66.33463107270074
788,<=50K,White,Male,Divorced,Husband,Masters,19.632827335201483
789,>50K,White,Male,Married-civ-spouse,Husband,Bachelors,31.156978045861976
790,<=50K,Black,Female,Married-civ-spouse,Unmarried,HS-grad,18.94806848992216
791,<=50K,White,Male,Never-married,Own-child,HS-grad,75.0415134861658
792,<=50K,White,Male,Never-married,Husband,HS-grad,56.86226774128039
793,<=50K,Asian-Pac-Islander,Female,Divorced,Husband,Assoc-voc,34.765450912910666
794,<=50K,Amer-Indian-Eskimo,Male,Never-married,Not-in-family,Some-college,44.136866948992775
795,<=50K,White,Male,Never-married,Wife,Prof-school,49.03755759184057
796,<=50K,White,Male,Married-civ-spouse,Husband,HS-grad,84.77356262760784
797,<=50K,White,Female,Married-civ-spouse,Not-in-family,Bachelors,56.65621759077694
798,<=50K,Black,Male,Separated,Husband,HS-grad,63.27810120630994
799,<=50K,Asian-Pac-Islander,Male,Married-civ-spouse,Unmarried,HS-grad,40.9191403808523
800,<=50K,White,Male,Never-married,Not-in-family,Assoc-acdm,42.54367240309286
801,>50K,White,Male,Married-civ-spouse,Not-in-family,Some-college,49.60681847122382
802,<=50K,White,Male,Never-married,Husband,Assoc-acdm,52.60386885812958
803,<=50K,White,Female,Married-civ-spouse,Wife,HS-grad,45.692345125927204
804,<=50K,White,Male,Never-married,Husband,HS-grad,84.7744541035408
805,<=50K,White,Male,Widowed,Husband,Bachelors,19.121155782421923
806,<=50K,White,Male,Never-married,Not-in-family,Some-college,49.1352843459595
807,<=50K,Asian-Pac-Islander,Male,Married-civ-spouse,Unmarried,HS-grad,28.552013690330835
808,<=50K,White,Male,Married-civ-spouse,Not-in-family,HS-grad,70.07294588145639
809,>50K,White,Male,Married-civ-spouse,Wife,HS-grad,43.88338678497461
810,<=50K,White,Female,Married-civ-spouse,Own-child,HS-grad,50.724652629713454
811,<=50K,Amer-Indian-Eskimo,Female,Married-civ-spouse,Husband,HS-grad,71.8436218435084
812,<=50K,Amer-Indian-Eskimo,Male,Widowed,Not-in-family,Some-college,36.477122328525084
813,<=50K,White,Male,Married-civ-spouse,Unmarried,Some-college,79.26858755845501
814,<=50K,White,Female,Married-civ-spouse,Husband,11th,68.84010166906441
815,<=50K,White,Male,Never-married,Husband,HS-grad,56.64458789729081
816,<=50K,White,Male,Divorced,Not-in-family,Bachelors,57.270043807404384
817,<=50K,Asian-Pac-Islander,Male,Never-married,Other-relative,10th,51.19173900846663
818,<=50K,Asian-Pac-Islander,Male,Never-married,Own-child,Doctorate,42.450176680588484
819,<=50K,White,Male,Married-civ-spouse,Husband,Some-college,18.502987104007723
820,>50K,White,Male,Married-civ-spouse,Not-in-family,HS-grad,19.15433046073027
821,<=50K,White,Male,Never-married,Husband,Masters,63.35755170136891
822,<=50K,White,Male,Divorced,Own-child,Assoc-voc,19.290710124777814
823,<=50K,Black,Female,Separated,Wife,Bachelors,66.0610866288616
824,<=50K,White,Male,Never-married,Own-child,HS-grad,29.073946320778163
825,>50K,White,Male,Never-married,Own-child,Bachelors,86.89554025675882
826,<=50K,White,Male,Married-civ-spouse,Husband,Some-college,62.145480456689874
827,<=50K,White,Male,Never-married,Husband,12th,65.63493896482188
828,<=50K,White,Female,Married-spouse-absent,Own-child,11th,28.731830140781945
829,<=50K,White,Male,Married-civ-spouse,Not-in-family,Bachelors,69.76653988197401
830,>50K,White,Male,Married-civ-spouse,Unmarried,Some-college,71.44858223388133
831,>50K,White,Female,Married-civ-spouse,Not-in-family,11th,34.91154351710042
832,>50K,White,Male,Married-civ-spouse,Not-in-family,Some-college,54.41004832641179
833,<=50K,Asian-Pac-Islander,Male,Never-married,Own-child,5th-6th,34.119273578504334
834,<=50K,White,Male,Never-married,Not-in-family,Some-college,69.31781389169173
835,<=50K,White,Male,Never-married,Not-in-family,Some-college,33.05850600943543
836,<=50K,Black,Male,Divorced,Own-child,11th,26.059046731343926
837,>50K,White,Male,Married-civ-spouse,Not-in-family,Some-college,72.99594991281782
838,>50K,White,Male,Married-civ-spouse,Husband,Some-college,70.83059186107795
839,>50K,White,Male,Married-civ-spouse,Unmarried,Some-college,68.01740338065962
840,<=50K,White,Male,Divorced,Husband,Prof-school,81.31682777044534
841,>50K,White,Male,Married-civ-spouse,Husband,Some-college,30.02972982895052
842,<=50K,Asian-Pac-Islander,Male,Married-civ-spouse,Husband,Bachelors,63.9301801010958
843,>50K,White,Female,Divorced,Husband,Assoc-voc,43.9092310857234
844,>50K,Black,Male,Married-civ-spouse,Husband,HS-grad,59.476990109834844
845,<=50K,White,Male,Never-married,Husband,Bachelors,61.21649820599029
846,<=50K,White,Male,Married-civ-spouse,Own-child,Some-college,74.92636470192961
847,<=50K,White,Male,Married-civ-spouse,Husband,11th,31.6486928317241
848,<=50K,White,Female,Married-civ-spouse,Unmarried,Bachelors,21.259092014834952
849,>50K,White,Female,Never-married,Own-child,9th,43.46019017128655
850,>50K,White,Male,Married-civ-spouse,Husband,Some-college,21.768635007352277
851,<=50K,White,Female,Never-married,Husband,Some-college,60.151829654604335
852,<=50K,White,Female,Divorced,Husband,HS-grad,28.26871262379334
853,<=50K,White,Female,Married-civ-spouse,Own-child,HS-grad,63.07657082097512
854,<=50K,Asian-Pac-Islander,Female,Never-married,Own-child,HS-grad,32.05363150730053
855,>50K,White,Male,Married-civ-spouse,Husband,HS-grad,41.498058207038284
856,<=50K,White,Male,Married-civ-spouse,Wife,Assoc-voc,59.81578559020339
857,<=50K,White,Male,Never-married,Husband,Some-college,30.012688445150943
858,<=50K,White,Female,Divorced,Husband,HS-grad,38.52525451494233
859,<=50K,White,Female,Married-civ-spouse,Own-child,HS-grad,84.13131677404805
860,>50K,White,Male,Married-civ-spouse,Not-in-family,HS-grad,33.51361978149875
861,<=50K,White,Male,Married-civ-spouse,Husband,Masters,80.1601168113935
862,<=50K,Black,Male,Divorced,Unmarried,HS-grad,41.89895222080908
863,>50K,White,Male,Married-civ-spouse,Husband,HS-grad,40.3600881211994
864,<=50K,White,Male,Never-married,Other-relative,HS-grad,75.9486799343104
865,>50K,White,Male,Married-civ-spouse,Husband,11th,72.08293922020795
866,<=50K,White,Male,Never-married,Not-in-family,Bachelors,46.873298937809444
867,<=50K,White,Female,Married-civ-spouse,Own-child,Some-college,62.041487926912005
868,<=50K,White,Male,Never-married,Wife,HS-grad,21.933223591061584
869,<=50K,White,Female,Never-married,Husband,HS-grad,63.63207460150162
870,<=50K,Black,Male,Never-married,Unmarried,HS-grad,77.7067097180649
871,<=50K,White,Male,Never-married,Not-in-family,Bachelors,83.86877448484873
872,>50K,White,Female,Married-civ-spouse,Husband,HS-grad,20.92363084539792
873,<=50K,White,Male,Married-civ-spouse,Husband,HS-grad,23.344171441953645
874,<=50K,White,Male,Married-civ-spouse,Wife,Assoc-acdm,27.30986349303333
875,<=50K,Black,Male,Divorced,Not-in-family,11th,64.3653893602907
876,<=50K,White,Male,Married-civ-spouse,Not-in-family,Masters,36.170128875600746
877,<=50K,White,Female,Never-married,Own-child,HS-grad,83.97176151009634
878,<=50K,White,Female,Never-married,Husband,HS-grad,77.52359544490366
879,<=50K,White,Male,Never-married,Own-child,HS-grad,21.03673468516674
880,<=50K,White,Male,Widowed,Own-child,Some-college,43.93438404477528
881,>50K,White,Male,Never-married,Husband,Some-college,72.33686251925363
882,<=50K,White,Male,Never-married,Husband,11th,65.6660184768981
883,<=50K,White,Male,Married-civ-spouse,Not-in-family,Some-college,23.542711455125907
884,<=50K,Black,Male,Widowed,Unmarried,HS-grad,58.958771625886506
885,<=50K,White,Male,Never-married,Own-child,5th-6th,74.12927885164436
886,<=50K,Black,Female,Never-married,Husband,12th,22.085343837521805
887,<=50K,Asian-Pac-Islander,Male,Never-married,Husband,Bachelors,40.68839040586269
888,<=50K,White,Male,Never-married,Husband,HS-grad,64.94255266325153
889,<=50K,White,Male,Never-married,Husband,Assoc-voc,50.89159914378086
890,>50K,White,Male,Married-civ-spouse,Unmarried,Assoc-acdm,23.655490968673163
891,<=50K,Black,Female,Never-married,Not-in-family,Bachelors,74.9809023205136
892,<=50K,White,Male,Never-married,Husband,Some-college,50.59214277294362
893,<=50K,White,Male,Never-married,Own-child,Masters,30.848739415863623
894,<=50K,Black,Male,Never-married,Unmarried,Some-college,83.00144880615798
895,>50K,White,Male,Married-civ-spouse,Not-in-family,Bachelors,50.373885204510145
896,<=50K,White,Male,Married-civ-spouse,Own-child,Bachelors,83.42432669237256
897,<=50K,Black,Female,Never-married,Not-in-family,Some-college,74.92496918961898
898,<=50K,White,Male,Never-married,Unmarried,Bachelors,77.27352793393669
899,<=50K,White,Female,Never-married,Own-child,Assoc-acdm,79.90170261105193
900,>50K,White,Female,Married-civ-spouse,Unmarried,HS-grad,21.766631454814274
901,<=50K,White,Male,Never-married,Own-child,HS-grad,27.943043494707823
902,<=50K,White,Male,Never-married,Not-in-family,Some-college,75.80269437085124
903,<=50K,White,Male,Never-married,Unmarried,Bachelors,62.067522414866914
904,<=50K,White,Male,Divorced,Husband,Bachelors,71.62743868648943
905,>50K,White,Male,Divorced,Husband,HS-grad,54.17785576065839
906,<=50K,White,Male,Widowed,Not-in-family,Some-college,87.9854486392569
907,>50K,White,Male,Married-civ-spouse,Own-child,Some-college,28.171851235702608
908,<=50K,Black,Male,Married-civ-spouse,Unmarried,Assoc-acdm,82.86134917998734
909,>50K,White,Female,Married-civ-spouse,Not-in-family,Bachelors,42.53519627645557
910,>50K,White,Male,Married-civ-spouse,Husband,Some-college,24.42856848172857
911,<=50K,White,Female,Widowed,Husband,Assoc-acdm,50.73151326608298
912,<=50K,White,Male,Married-civ-spouse,Husband,HS-grad,42.485513250104106
913,<=50K,Black,Male,Separated,Husband,Some-college,81.93053979066144
914,<=50K,White,Female,Married-civ-spouse,Not-in-family,Some-college,74.85745823687424
915,<=50K,White,Male,Married-civ-spouse,Not-in-family,11th,35.49910122597222
916,<=50K,White,Male,Married-civ-spouse,Not-in-family,12th,63.39540162029806
917,<=50K,White,Female,Married-civ-spouse,Not-in-family,HS-grad,22.1004077139009
918,<=50K,Black,Male,Never-married,Unmarried,HS-grad,48.0279361949768
919,>50K,Black,Male,Married-spouse-absent,Unmarried,Masters,83.77313033755964
920,>50K,White,Male,Married-civ-spouse,Own-child,Assoc-acdm,47.448374390985094
921,<=50K,White,Male,Married-civ-spouse,Wife,Some-college,20.5421095294371
922,>50K,White,Male,Married-civ-spouse,Not-in-family,Doctorate,54.55173782973889
923,<=50K,White,Male,Divorced,Own-child,7th-8th,24.986360737300554
924,<=50K,White,Male,Married-civ-spouse,Not-in-family,HS-grad,85.75315525021149
925,<=50K,White,Male,Married-civ-spouse,Unmarried,Masters,47.22854777857167
926,<=50K,White,Male,Divorced,Not-in-family,10th,77.89646544037268
927,<=50K,Black,Female,Married-civ-spouse,Unmarried,11th,34.72251411136226
928,>50K,White,Male,Never-married,Husband,Bachelors,66.77874891548419
929,<=50K,White,Male,Never-married,Husband,Bachelors,78.11095690010255
930,>50K,White,Male,Divorced,Not-in-family,HS-grad,45.3438197042522
931,<=50K,White,Male,Separated,Not-in-family,Some-college,29.97051941564492
932,<=50K,White,Male,Never-married,Other-relative,Some-college,24.89831654142143
933,<=50K,White,Female,Never-married,Other-relative,HS-grad,31.748675360305356
934,<=50K,White,Male,Married-civ-spouse,Husband,HS-grad,58.96610750990954
935,<=50K,White,Male,Never-married,Husband,10th,25.865840070881937
936,<=50K,White,Female,Never-married,Unmarried,HS-grad,72.2277246709366
937,<=50K,White,Female,Never-married,Husband,Bachelors,62.01173543202399
938,<=50K,White,Male,Never-married,Husband,11th,46.37002935258222
939,<=50K,White,Female,Married-civ-spouse,Other-relative,Some-college,80.20779218383285
940,<=50K,White,Male,Divorced,Husband,Some-college,71.38331149851473
941,<=50K,White,Male,Married-civ-spouse,Own-child,Bachelors,53.79401807110377
942,<=50K,White,Male,Divorced,Not-in-family,Bachelors,88.72966653399003
943,>50K,White,Male,Married-civ-spouse,Husband,Bachelors,27.109839135843103
944,<=50K,White,Female,Never-married,Own-child,HS-grad,31.350571064987978
945,<=50K,White,Male,Married-civ-spouse,Husband,Bachelors,20.261184904870355
946,<=50K,White,Male,Never-married,Husband,Some-college,51.62120015523612
947,<=50K,White,Female,Never-married,Husband,Assoc-voc,41.401104251296985
948,<=50K,White,Male,Never-married,Not-in-family,Some-college,26.998507705811928
949,<=50K,White,Female,Never-married,Not-in-family,HS-grad,45.29669391929771
950,<=50K,White,Female,Married-civ-spouse,Own-child,Bachelors,69.63861780717781
951,<=50K,White,Male,Never-married,Husband,HS-grad,40.33590909075738
952,>50K,White,Male,Married-civ-spouse,Husband,Some-college,26.992227346486224
953,<=50K,White,Male,Divorced,Husband,9th,88.13334552380418
954,<=50K,White,Male,Never-married,Own-child,HS-grad,89.92823598398635
955,<=50K,Black,Male,Married-civ-spouse,Not-in-family,Bachelors,18.180651121768385
956,>50K,White,Male,Married-civ-spouse,Not-in-family,Bachelors,65.45962078775729
957,<=50K,White,Male,Never-married,Not-in-family,HS-grad,69.333781726752
958,<=50K,White,Male,Married-civ-spouse,Own-child,Some-college,73.30372599321937
959,<=50K,White,Female,Widowed,Husband,HS-grad,45.71374201284402
960,<=50K,White,Female,Married-civ-spouse,Husband,HS-grad,29.85263744248718
961,<=50K,Other,Female,Never-married,Unmarried,Bachelors,22.47070567570003
962,<=50K,White,Male,Married-civ-spouse,Wife,11th,53.14091964396896
963,<=50K,White,Female,Married-civ-spouse,Husband,HS-grad,55.91326387980633
964,>50K,White,Female,Married-civ-spouse,Husband,HS-grad,21.837328165456945
965,<=50K,White,Male,Married-civ-spouse,Own-child,11th,61.79360530122866
966,<=50K,White,Male,Married-civ-spouse,Unmarried,Bachelors,67.95770734352153
967,<=50K,White,Male,Divorced,Husband,Assoc-voc,82.75046144778659
968,>50K,White,Male,Married-civ-spouse,Not-in-family,HS-grad,82.16265339139302
969,>50K,White,Male,Married-civ-spouse,Not-in-family,Bachelors,57.18169183946025
970,>50K,White,Female,Never-married,Husband,11th,68.42263588299177
971,<=50K,White,Female,Never-married,Unmarried,HS-grad,87.36887413754765
972,<=50K,Amer-Indian-Eskimo,Male,Married-civ-spouse,Husband,7th-8th,38.97897803612752
973,<=50K,Asian-Pac-Islander,Female,Widowed,Not-in-family,Bachelors,43.642909458413115
974,>50K,White,Male,Married-civ-spouse,Own-child,HS-grad,28.46280829250903
975,<=50K,White,Female,Married-civ-spouse,Own-child,Assoc-voc,34.799721983525004
976,<=50K,White,Female,Never-married,Other-relative,Some-college,55.15976749748687
977,<=50K,White,Female,Never-married,Wife,HS-grad,76.90426589086356
978,<=50K,White,Female,Never-married,Unmarried,HS-grad,83.62018070182717
979,<=50K,White,Male,Married-civ-spouse,Husband,Some-college,79.33888779903418
980,<=50K,White,Male,Never-married,Husband,HS-grad,37.22438226572832
981,>50K,Asian-Pac-Islander,Male,Married-civ-spouse,Husband,Bachelors,50.29482536948642
982,<=50K,Black,Female,Married-civ-spouse,Unmarried,Some-college,31.754480271151635
983,>50K,Black,Male,Married-civ-spouse,Own-child,Bachelors,61.443096436254805
984,>50K,White,Male,Separated,Husband,10th,28.834432214035733
985,<=50K,White,Male,Never-married,Unmarried,10th,77.01300678711064
986,<=50K,White,Male,Never-married,Unmarried,HS-grad,20.48726504458576
987,<=50K,White,Female,Divorced,Husband,Masters,71.9930396607678
988,>50K,White,Male,Married-civ-spouse,Husband,HS-grad,73.5506716438816
989,>50K,White,Male,Married-civ-spouse,Not-in-family,7th-8th,23.600926901782245
990,<=50K,White,Male,Never-married,Not-in-family,HS-grad,22.8739307821842
991,<=50K,Asian-Pac-Islander,Male,Never-married,Unmarried,HS-grad,72.62958655141011
992,<=50K,White,Male,Divorced,Husband,HS-grad,87.46009995419651
993,<=50K,Black,Male,Never-married,Unmarried,Assoc-voc,31.17864053697342
994,<=50K,White,Male,Never-married,Own-child,9th,77.98976033091154
995,>50K,White,Female,Married-civ-spouse,Own-child,Assoc-voc,72.25361148576116
996,<=50K,Black,Male,Never-married,Husband,Some-college,67.45272410839448
997,<=50K,White,Male,Married-civ-spouse,Unmarried,11th,26.282786637415022
998,<=50K,White,Female,Widowed,Husband,Some-college,88.43521295443945
999,<=50K,White,Female,Never-married,Own-child,Assoc-voc,53.55797769490968
