veil-type,gill-attachment,veil-color,ring-number,gill-spacing,gill-size,bruises,stalk-shape,class,stalk-surface-above-ring,stalk-surface-below-ring,ring-type,cap-surface,cap-shape,stalk-root,stalk-color-above-ring,stalk-color-below-ring,population,spore-print-color,habitat,odor,cap-color,gill-color
p,f,w,o,c,n,f,e,p,f,y,p,s,k,?,w,c,n,h,l,n,g,b
p,f,w,o,c,n,f,e,p,k,k,p,y,x,b,n,p,y,h,p,n,n,g
p,f,w,o,w,b,f,e,e,s,s,p,y,k,?,o,g,s,h,l,n,y,w
p,f,w,o,c,b,t,e,e,s,y,p,f,x,?,w,w,v,n,d,n,w,p
p,f,w,o,c,b,f,e,p,k,s,p,y,x,e,w,w,n,h,d,y,n,p
p,f,w,t,c,n,t,e,e,s,k,p,y,f,b,g,b,s,h,g,f,w,w
p,f,w,o,c,b,f,e,p,k,k,e,s,x,e,p,b,v,w,d,l,n,u
p,f,w,o,c,b,f,e,p,f,s,p,s,f,?,w,w,y,h,d,f,e,h
p,f,w,o,c,b,t,e,p,s,k,e,f,f,b,p,b,v,k,l,n,y,h
p,f,w,o,w,b,f,t,p,k,s,p,y,x,?,b,g,v,u,m,n,g,b
p,f,w,o,c,b,t,e,e,s,k,p,y,x,b,e,b,v,h,g,n,n,k
p,f,w,o,w,n,f,t,p,f,y,l,y,f,b,w,c,y,k,d,n,y,n
p,f,w,o,c,b,f,t,p,k,y,p,s,f,b,b,w,v,n,g,c,w,g
p,f,w,o,c,b,f,t,p,k,k,p,f,k,?,n,w,y,w,l,n,e,b
p,f,w,o,c,b,f,t,e,s,f,e,s,x,?,w,w,a,k,g,f,n,w
p,f,w,o,c,b,f,e,p,f,s,l,f,x,?,w,w,y,h,d,n,n,p
p,f,w,o,c,n,f,t,p,s,k,p,y,k,b,w,p,y,w,d,f,g,b
p,f,w,o,c,b,t,t,p,s,s,p,f,f,r,p,p,n,n,d,f,y,h
p,f,w,o,c,b,f,e,p,s,k,p,y,f,b,w,n,c,h,l,f,y,b
p,f,w,o,c,b,t,e,e,s,s,l,s,k,b,w,w,v,h,d,f,n,n
p,f,w,o,w,b,f,t,e,s,s,l,f,x,b,w,w,y,w,d,n,n,w
p,f,w,o,c,n,f,e,p,k,f,p,y,f,?,p,w,y,k,d,y,y,w
p,f,w,o,c,n,f,t,e,k,s,p,y,x,?,p,o,v,w,p,f,w,u
p,f,w,o,c,b,t,t,e,s,s,p,f,f,b,w,w,v,w,d,f,g,p
p,f,w,o,c,b,t,t,e,s,s,p,f,f,b,w,p,n,k,d,n,g,h
p,f,w,o,c,b,t,t,p,s,s,p,f,x,r,w,g,n,n,l,f,g,h
p,f,w,o,w,n,f,e,e,s,k,p,s,f,b,w,w,v,k,g,f,g,g
p,f,w,o,c,n,f,t,p,k,k,p,y,x,b,p,n,v,w,l,l,e,h
p,f,w,o,c,b,f,e,e,s,y,p,f,x,?,g,w,y,h,d,n,g,w
p,f,w,o,c,b,f,e,e,s,k,p,s,x,?,g,b,v,w,d,f,n,u
p,f,w,o,c,n,t,t,p,s,k,e,s,s,b,w,n,s,h,u,p,y,b
p,f,w,o,c,b,f,e,p,k,s,e,f,x,e,p,g,a,k,d,n,g,b
p,f,w,o,c,b,t,t,e,s,f,e,s,x,c,w,w,v,w,p,l,n,n
p,f,w,o,c,n,f,t,e,s,s,p,y,f,?,w,w,v,w,d,f,n,n
p,f,w,o,c,n,f,e,p,s,f,p,f,x,?,w,n,y,w,d,n,w,b
p,f,w,o,c,b,t,t,e,s,s,e,s,x,b,w,w,s,n,d,y,g,p
p,f,w,o,w,b,t,t,p,s,s,e,f,x,?,p,g,a,k,p,n,b,b
p,f,w,o,w,b,f,t,e,k,k,p,f,c,e,p,b,y,n,l,n,n,n
p,f,w,o,w,b,f,t,p,k,k,e,f,x,b,b,w,v,n,w,n,n,b
p,f,w,o,w,b,f,t,e,s,s,e,s,f,b,g,w,s,w,g,s,w,p
p,f,w,o,c,n,f,t,e,f,s,e,s,f,e,w,w,v,w,d,a,g,u
p,f,w,o,c,b,t,t,p,s,y,p,f,x,b,w,w,v,w,g,n,n,p
p,f,w,o,c,b,f,e,p,k,s,p,y,f,?,p,w,n,h,g,m,n,b
p,f,w,t,c,b,t,t,e,s,s,e,s,x,b,w,g,v,n,d,n,w,g
p,f,w,o,c,n,f,e,e,k,s,p,s,f,b,n,p,n,h,p,f,g,n
p,f,w,o,c,b,t,t,p,s,s,l,y,b,b,w,e,v,w,m,a,g,b
p,f,w,o,c,n,f,t,p,k,k,l,s,x,?,b,w,v,n,d,n,y,b
p,f,w,o,c,n,f,e,e,s,k,e,s,f,b,w,p,s,h,d,f,e,p
p,f,w,o,c,b,t,e,p,f,y,l,f,f,b,w,n,y,r,p,n,n,w
p,f,w,o,c,b,f,e,p,k,k,e,s,f,e,w,w,v,w,g,y,g,b
p,f,w,o,w,b,t,t,p,s,s,e,y,x,b,w,e,v,w,d,n,e,p
p,f,w,o,c,b,f,e,e,s,s,p,s,f,?,w,p,v,k,d,y,w,u
p,f,w,o,c,b,f,t,e,k,s,p,f,x,b,p,w,y,n,p,n,e,p
p,f,w,o,w,b,f,e,e,k,k,p,f,f,?,n,p,v,h,g,n,n,p
p,f,w,o,w,n,f,t,e,s,k,e,y,x,e,w,p,v,k,d,n,n,e
p,f,w,o,c,b,f,t,p,k,s,l,y,f,e,p,w,y,k,g,n,w,n
p,f,w,o,c,n,f,e,p,s,y,e,s,k,?,w,w,v,k,l,y,n,b
p,f,w,o,c,n,f,t,p,k,k,p,y,f,?,p,b,v,w,g,f,e,b
p,f,w,o,c,n,f,e,e,k,s,p,y,x,?,b,w,s,n,d,l,n,n
p,f,w,o,c,b,t,e,e,s,k,p,y,x,b,w,p,c,n,p,s,n,u
p,f,w,o,c,b,f,t,p,s,s,p,s,f,b,w,w,s,k,d,n,e,b
p,f,w,o,c,n,f,e,e,k,s,p,y,x,?,n,w,v,h,p,l,g,w
p,f,w,o,c,n,f,e,p,k,k,e,s,f,?,p,b,v,n,p,s,e,g
p,f,w,o,c,b,t,e,p,s,k,p,y,f,b,w,b,v,n,p,f,w,b
p,f,w,o,c,b,t,t,p,s,s,p,f,b,e,e,w,y,w,m,n,n,p
p,f,w,o,c,b,t,t,e,s,k,e,f,b,b,w,p,v,w,m,n,g,k
p,f,w,o,c,b,t,e,p,s,s,p,y,b,r,w,g,y,k,g,n,n,b
p,f,w,o,c,n,f,t,p,k,s,e,y,k,b,n,w,s,w,d,n,w,h
p,f,w,o,c,n,t,t,e,s,k,e,y,x,r,p,p,c,w,g,f,n,p
p,f,w,o,c,b,f,t,p,s,f,e,f,f,b,o,w,v,n,g,f,g,p
p,f,w,o,c,b,f,e,p,k,k,e,y,x,e,p,n,s,w,m,f,y,p
p,f,w,o,c,b,f,e,p,s,s,p,f,x,b,w,g,v,n,p,n,g,h
p,f,w,o,c,b,t,t,e,s,s,l,f,f,b,w,g,v,n,p,n,e,g
p,f,w,o,c,n,f,e,p,k,s,l,f,x,b,p,w,y,w,g,n,e,p
p,f,w,o,c,b,f,e,p,k,s,e,y,x,b,p,p,s,h,d,l,g,b
p,f,w,o,c,n,f,t,p,k,s,l,s,k,?,p,w,y,h,l,n,g,b
p,f,w,o,c,b,t,e,p,s,f,e,f,x,b,p,w,s,n,g,n,n,g
p,f,w,o,w,b,t,e,e,s,s,p,s,x,?,p,w,y,n,p,n,b,p
p,f,w,o,c,b,f,e,e,k,k,p,s,f,e,p,p,s,h,g,n,w,k
p,f,w,o,c,n,f,e,e,k,s,p,s,x,?,p,w,s,n,l,n,n,n
p,f,w,o,c,b,t,t,e,s,s,p,f,x,b,w,p,v,k,u,f,n,w
p,f,w,o,c,n,f,e,p,k,s,l,s,x,b,b,w,y,n,g,s,n,g
p,f,w,o,c,n,f,t,e,s,s,p,y,f,?,p,w,y,w,d,n,n,p
p,f,w,o,c,n,f,e,e,s,k,e,s,x,b,p,b,c,h,g,c,n,h
p,f,w,o,w,n,f,e,p,s,s,l,y,f,b,w,w,v,w,g,n,g,h
p,f,w,o,c,b,t,e,p,s,s,e,y,f,b,w,w,v,h,p,n,n,b
p,f,w,o,c,b,t,e,p,s,k,p,y,x,b,w,b,s,k,m,f,n,g
p,f,w,o,c,n,f,t,e,k,s,p,y,f,?,n,w,n,n,d,n,n,n
p,f,w,o,c,n,f,e,p,s,s,p,s,x,?,g,w,v,h,p,s,e,h
p,f,w,o,c,b,f,t,p,s,k,e,s,x,?,w,w,v,k,d,l,e,b
p,f,w,o,c,b,f,e,p,s,s,p,s,x,?,g,o,v,w,d,f,g,p
p,f,w,o,c,n,f,e,p,f,s,e,y,f,b,w,p,v,k,g,n,e,p
p,f,w,o,c,b,t,t,e,s,s,p,f,b,b,w,w,v,n,g,n,y,w
p,f,w,o,c,b,f,t,e,f,k,p,y,x,b,w,p,s,k,d,n,g,g
p,f,w,o,c,b,f,t,p,y,s,e,s,x,e,y,w,v,k,l,n,w,p
p,f,w,o,w,b,t,e,p,s,s,p,y,f,b,w,w,v,k,l,f,n,h
p,f,w,o,c,b,t,t,p,s,k,p,f,x,r,w,w,v,n,p,n,g,b
p,f,w,o,c,n,t,e,p,s,s,p,s,x,r,w,p,v,h,g,l,g,h
p,f,w,o,c,b,t,t,p,f,s,p,s,f,b,w,w,s,n,p,l,n,g
p,f,w,o,c,b,t,t,p,s,s,l,y,x,?,p,g,v,k,g,n,e,p
p,f,w,o,c,n,f,t,p,k,s,e,f,x,?,p,g,v,k,d,n,y,w
p,f,w,o,c,b,t,t,p,s,s,e,y,x,b,w,w,v,w,g,n,n,b
p,f,w,o,c,n,f,t,p,s,f,p,y,f,?,g,w,y,n,g,f,e,p
p,f,w,o,c,b,f,t,p,s,k,e,y,x,b,p,p,s,k,g,n,n,b
p,f,w,o,c,b,t,e,e,s,s,e,y,x,c,p,p,v,n,g,s,w,w
p,f,w,o,c,n,f,e,p,s,s,p,y,x,?,g,p,v,k,g,f,g,g
p,f,w,o,c,n,f,t,p,k,s,p,y,x,b,w,g,y,k,d,n,y,b
p,f,w,o,w,b,t,t,e,s,k,e,f,x,b,w,w,v,n,d,f,w,k
p,f,w,o,c,n,f,t,e,k,s,p,y,x,?,p,p,v,k,m,s,g,w
p,f,w,o,c,b,t,t,p,s,s,p,y,f,b,w,p,v,n,g,s,w,b
p,f,w,o,c,n,f,t,p,k,s,e,s,f,?,p,o,v,w,g,y,e,y
p,f,w,o,c,b,f,t,p,k,s,p,f,x,?,p,o,y,k,g,n,g,p
p,f,w,o,c,n,f,t,p,s,s,p,y,k,b,w,w,v,h,l,p,e,w
p,f,w,o,c,n,f,e,e,k,s,p,y,f,e,p,w,v,h,p,n,g,n
p,f,w,o,c,b,t,e,e,s,s,l,f,b,?,w,w,y,b,m,c,e,w
p,f,w,o,c,n,f,t,p,k,k,e,f,k,b,b,w,a,n,g,n,g,p
p,f,w,o,w,b,t,t,e,s,s,p,f,x,b,g,w,y,w,d,n,n,u
p,f,w,o,c,n,f,t,p,s,y,p,s,x,e,p,w,y,w,g,p,e,b
p,f,w,o,c,b,f,e,e,k,s,p,y,f,b,p,w,n,k,g,f,w,u
p,f,w,o,c,b,f,t,e,s,k,l,f,f,e,e,n,v,w,m,f,y,g
p,f,w,o,c,n,f,e,p,s,s,e,s,x,?,w,p,v,w,g,n,y,p
p,f,w,o,c,b,t,t,e,s,k,e,y,f,b,p,w,s,w,d,y,w,n
p,f,w,o,c,b,t,t,p,s,k,e,s,f,b,w,b,a,k,g,n,y,b
p,f,w,o,c,b,f,e,e,k,s,e,y,x,e,p,p,v,h,d,f,g,h
p,f,w,o,c,n,f,t,p,s,k,p,y,f,b,p,n,v,n,p,l,n,b
p,f,w,o,c,b,t,t,e,s,s,p,y,f,e,w,w,y,k,p,n,e,p
p,f,w,o,c,b,f,e,e,s,k,p,f,x,?,w,w,v,k,g,f,y,p
p,f,w,n,c,b,f,e,p,k,k,l,f,k,e,w,w,y,w,g,f,n,b
p,f,w,o,c,b,t,t,p,s,s,e,y,f,?,w,w,s,w,w,s,g,k
p,f,w,o,c,b,t,e,p,s,s,e,f,x,b,w,w,v,h,d,f,n,p
p,f,w,o,w,b,f,t,e,k,s,e,y,f,b,b,w,v,k,p,l,b,u
p,f,w,o,c,b,f,t,e,k,k,p,s,k,b,n,n,v,w,d,a,g,k
p,f,w,o,c,n,f,t,e,k,s,e,f,f,?,p,w,s,k,p,c,y,p
p,f,w,o,c,b,f,e,p,k,s,l,s,f,?,p,w,v,h,d,a,e,p
p,f,w,o,c,b,t,t,p,s,s,p,y,x,e,w,p,y,w,d,n,g,w
p,f,w,o,c,b,t,t,p,s,s,p,y,k,e,w,p,v,k,w,y,y,n
p,f,w,o,c,b,t,t,e,s,s,p,s,x,c,w,w,s,u,d,f,e,o
p,f,w,o,c,n,t,e,e,s,k,l,s,f,b,p,b,y,n,p,a,g,p
p,f,w,o,w,b,f,t,p,k,k,p,y,k,e,p,b,s,w,p,n,e,n
p,f,w,o,c,n,f,t,p,f,f,e,y,k,e,w,w,a,k,p,y,y,b
p,f,w,o,c,b,t,t,p,s,f,l,f,f,e,w,w,v,n,d,n,y,w
p,f,w,o,c,b,f,e,p,k,f,p,f,f,?,p,w,s,h,p,n,y,p
p,f,w,o,c,n,t,t,p,s,s,l,s,x,b,w,p,v,w,g,n,g,b
p,f,w,o,c,b,f,t,e,s,s,p,s,f,?,p,w,v,n,d,n,n,w
p,f,w,o,c,n,f,e,p,s,s,e,s,x,?,g,w,v,w,l,p,e,p
p,f,w,o,c,n,f,t,p,f,s,p,s,f,?,w,g,s,w,l,f,p,b
p,f,w,o,c,b,t,t,p,s,s,p,s,x,c,w,w,s,w,d,p,w,b
p,f,w,o,c,n,t,t,p,s,s,p,y,x,c,p,w,s,w,d,n,g,b
p,f,w,o,c,b,t,t,p,s,k,p,y,x,b,w,b,s,w,d,y,n,p
p,f,w,o,c,b,f,e,e,k,k,e,f,x,b,n,b,v,n,g,n,n,w
p,f,w,o,c,b,t,e,e,s,s,p,f,x,c,w,p,s,w,p,n,g,n
p,f,w,o,c,n,f,t,e,k,k,p,y,k,?,b,w,v,n,p,n,g,u
p,f,w,o,c,n,f,e,e,f,s,l,s,x,b,w,w,v,k,g,n,n,n
p,f,w,o,c,b,t,e,p,s,k,p,f,f,b,w,b,s,h,w,n,n,b
p,f,w,o,w,b,t,e,e,s,s,e,f,f,e,w,p,v,n,g,n,e,p
p,f,w,o,w,b,t,e,e,s,y,p,f,b,b,w,w,v,k,l,n,n,w
p,f,w,o,c,b,t,t,e,s,s,p,f,x,b,w,w,v,n,d,n,b,n
p,f,w,o,c,b,t,e,p,s,s,e,y,b,c,w,w,v,n,m,s,g,p
p,f,w,o,c,n,f,t,e,k,s,p,y,x,b,w,w,v,w,d,n,n,u
p,f,w,o,c,b,t,e,e,s,s,e,f,f,b,w,p,v,w,l,n,g,w
p,f,w,o,c,b,f,t,p,s,s,e,s,x,?,w,g,v,n,g,n,n,p
p,f,w,o,c,b,f,t,p,k,k,l,f,x,?,p,p,y,h,g,f,n,p
p,f,w,o,c,n,f,e,e,k,k,e,y,f,b,n,b,v,y,l,n,n,w
p,f,w,o,c,n,t,e,e,s,s,e,y,f,c,g,g,v,n,d,f,g,w
p,f,w,o,c,b,t,t,p,s,s,l,f,x,b,w,w,v,k,l,n,e,b
p,f,w,o,w,b,f,t,e,s,s,l,f,x,?,w,p,y,w,u,c,w,k
p,f,w,o,c,b,f,e,e,s,s,p,s,k,?,w,w,y,h,l,f,e,n
p,f,w,o,w,b,t,t,e,s,s,l,y,f,b,g,w,y,w,g,n,w,n
p,f,w,o,c,b,f,t,e,k,s,p,y,f,e,b,w,y,n,d,f,e,p
p,f,w,o,c,n,f,e,p,k,s,p,y,k,b,w,g,n,n,p,n,g,g
p,f,w,o,c,b,t,t,e,s,s,p,s,x,b,w,p,y,k,d,a,g,w
p,f,w,o,c,b,f,e,p,s,k,p,f,x,e,p,p,v,k,g,n,e,b
p,f,w,o,c,b,f,t,e,k,s,p,y,x,?,w,w,v,n,l,l,e,g
p,f,w,o,c,n,f,e,p,s,k,l,s,f,?,g,n,v,w,d,n,n,h
p,f,w,o,c,n,f,e,e,s,k,p,s,x,e,g,p,y,h,d,p,b,u
p,f,w,o,c,n,f,e,e,s,k,e,s,x,?,w,w,v,n,d,y,y,o
p,f,w,o,c,b,t,e,e,s,s,p,f,b,b,w,g,y,n,m,n,w,n
p,f,w,o,c,b,t,t,p,s,y,p,f,k,e,p,y,y,k,p,n,y,g
p,f,w,o,c,b,t,t,e,s,s,l,y,f,e,w,w,v,k,l,y,y,p
p,f,w,o,c,b,f,t,e,s,s,p,s,k,?,p,p,v,w,l,s,g,n
p,f,w,o,c,n,f,e,e,k,f,p,f,b,?,b,w,v,h,m,n,y,n
p,f,w,o,c,n,f,t,e,k,s,p,y,x,e,p,w,v,k,g,s,e,o
p,f,w,o,c,b,f,t,e,k,s,p,y,x,?,p,w,n,n,g,n,g,n
p,f,w,o,c,n,f,e,e,s,k,e,y,x,e,w,b,v,k,d,n,n,u
p,f,w,o,c,b,f,e,p,s,k,p,y,k,?,p,n,y,h,g,n,e,b
p,f,w,o,c,b,t,t,p,s,k,e,f,x,b,w,b,v,w,p,n,n,b
p,f,w,o,c,n,f,t,e,s,s,l,s,x,e,p,g,v,w,d,p,g,p
p,f,w,o,c,n,f,t,e,f,k,p,f,x,?,w,p,s,n,m,c,g,w
p,f,w,o,c,b,t,e,e,s,s,p,s,x,b,w,p,v,h,g,y,n,p
p,f,w,o,c,n,f,t,e,s,k,e,f,f,b,w,w,c,w,d,n,y,n
p,f,w,o,c,b,t,t,p,s,s,p,f,f,b,w,p,v,w,p,n,n,h
p,f,w,o,c,b,f,t,e,k,s,l,f,f,?,p,w,y,h,p,n,y,p
p,f,w,o,w,b,t,t,e,s,k,e,s,x,?,w,p,v,w,l,n,n,h
p,f,w,o,c,b,t,e,p,s,s,p,f,f,b,w,w,y,h,g,n,g,b
p,f,w,o,c,b,f,t,e,s,y,p,f,k,b,w,w,s,n,p,n,w,n
p,f,w,o,c,b,f,e,p,s,s,n,f,x,b,w,w,c,w,g,f,n,b
p,f,w,o,c,b,f,t,p,s,f,e,s,x,b,o,w,v,k,d,n,g,b
p,f,w,o,w,b,f,e,p,k,y,p,s,x,?,b,w,y,h,d,n,n,b
p,f,w,o,w,b,t,t,p,s,s,l,f,f,b,w,g,y,h,p,n,b,b
p,f,w,o,c,n,f,t,e,k,k,e,f,x,?,w,b,v,k,d,n,n,n
p,f,w,o,c,b,t,t,p,s,s,p,f,f,c,o,w,v,n,p,n,w,p
p,f,w,o,w,b,f,t,p,k,k,e,s,x,b,p,w,v,n,g,f,g,b
p,f,w,o,c,b,f,t,p,k,k,e,f,x,?,n,p,v,k,u,n,n,h
p,f,w,o,c,b,f,t,p,s,s,e,f,x,e,w,w,a,k,g,f,e,b
p,f,w,o,w,b,f,t,e,f,s,e,y,f,c,w,p,v,n,g,s,e,n
p,f,w,o,c,b,t,e,e,s,s,e,f,x,c,w,p,v,k,d,f,e,w
p,f,w,o,c,b,t,e,e,s,k,p,y,x,b,p,p,y,w,d,f,p,w
p,f,w,o,c,n,f,e,e,s,s,e,s,f,b,w,w,a,h,u,l,p,p
p,f,w,o,w,b,f,e,p,k,s,e,f,f,b,w,w,v,k,g,n,e,h
p,f,w,o,c,b,t,t,p,s,k,p,y,f,c,w,w,v,n,d,f,e,b
p,f,w,o,c,b,t,t,e,s,k,e,y,k,b,w,w,a,w,g,n,n,n
p,f,w,o,c,n,f,t,p,k,f,e,s,f,?,p,w,v,h,d,n,g,b
p,a,o,o,c,b,f,e,p,s,s,n,f,x,b,o,n,c,n,l,n,g,g
p,f,w,o,c,n,t,t,p,s,s,e,y,f,c,p,o,v,h,g,f,n,g
p,f,w,o,c,b,f,t,e,k,k,p,s,f,b,w,w,y,k,l,n,g,k
p,f,w,o,w,b,f,e,p,s,k,p,y,x,?,w,p,v,k,g,l,g,b
p,f,w,t,c,b,f,e,e,k,y,l,f,k,b,b,w,y,r,d,n,w,w
p,f,w,o,c,b,f,t,p,k,k,p,s,x,?,p,p,v,k,m,n,g,p
p,f,w,o,c,b,f,t,e,s,s,e,y,x,?,p,w,v,n,d,f,n,n
p,f,w,o,c,n,f,e,e,k,s,p,y,f,e,p,w,s,w,w,y,n,w
p,a,o,o,c,b,f,e,p,s,s,p,s,x,e,w,w,v,n,d,y,w,b
p,f,w,o,c,b,f,t,e,s,s,p,f,b,?,w,w,s,k,g,n,g,w
p,f,w,o,c,b,f,t,e,s,k,e,y,x,e,p,p,v,k,g,p,n,n
p,f,w,o,w,b,f,e,e,k,k,e,f,f,e,w,p,v,h,d,f,n,p
p,f,w,o,c,b,t,t,p,s,s,p,s,x,b,w,w,v,w,l,s,w,g
p,f,w,o,w,b,t,t,e,s,y,p,f,f,c,g,w,s,n,l,n,y,u
p,f,w,o,c,b,t,t,p,s,k,l,s,k,c,g,b,v,k,w,y,n,b
p,f,w,o,c,b,t,e,e,s,s,l,f,x,c,p,p,v,b,d,f,n,p
p,f,w,o,c,b,f,t,e,k,k,e,y,x,b,p,p,v,w,m,f,g,w
p,f,w,o,c,n,t,t,p,s,s,p,y,f,b,p,w,v,w,d,n,n,w
p,f,w,o,c,n,f,t,p,k,k,p,y,f,?,w,w,v,n,w,n,g,b
p,f,w,o,c,b,f,e,p,k,s,p,s,f,e,p,w,y,w,d,l,n,b
p,f,w,o,c,b,f,e,p,s,y,n,s,x,b,g,w,c,n,d,p,y,h
p,f,w,o,c,n,f,t,p,s,k,p,y,x,b,w,w,v,k,d,f,n,w
p,f,w,o,c,b,t,t,p,s,k,p,y,x,b,g,p,s,n,g,f,g,g
p,f,w,o,c,n,f,e,p,s,k,p,s,x,b,p,p,y,b,l,f,y,g
p,f,w,o,c,n,f,e,p,s,k,f,s,x,?,w,n,v,r,g,n,w,b
p,f,w,o,c,n,f,t,p,f,k,p,s,x,e,w,p,c,n,g,y,g,h
p,f,w,o,c,b,f,t,p,s,y,p,f,f,?,w,w,v,w,u,n,g,b
p,f,w,o,c,n,f,e,e,k,s,p,y,k,b,b,w,y,w,l,y,n,n
p,f,w,o,c,b,t,t,p,s,s,p,y,k,b,g,w,s,w,l,s,n,k
p,f,w,o,c,n,f,e,e,k,s,p,s,f,e,w,w,v,h,g,f,y,p
p,f,w,o,c,b,t,e,e,s,k,l,y,f,r,w,b,v,h,u,s,g,w
p,f,w,o,c,n,f,t,e,s,s,p,s,x,?,w,w,v,w,g,f,n,p
p,f,w,o,c,b,f,t,e,k,k,p,f,f,?,w,p,v,h,p,n,g,p
p,f,w,o,c,b,f,e,p,k,s,p,s,x,b,b,o,y,h,m,f,n,p
p,f,w,o,c,b,f,t,e,k,s,e,s,x,?,w,g,c,w,l,n,e,k
p,f,w,o,c,n,f,e,p,k,s,p,y,b,?,p,w,v,k,m,s,g,g
p,f,w,o,c,b,t,e,p,s,k,e,s,x,e,w,n,a,h,w,y,n,h
p,f,w,t,c,b,f,e,e,k,k,e,f,x,b,w,w,v,k,g,n,g,g
p,f,w,o,c,b,f,t,p,s,s,l,y,f,?,p,g,y,w,g,f,n,b
p,f,w,o,c,n,t,t,e,s,s,e,y,x,b,o,w,v,w,d,f,g,n
p,f,w,o,c,n,f,t,p,s,y,e,y,x,b,g,y,v,w,w,f,n,h
p,f,w,o,c,b,f,t,p,k,k,e,y,x,e,p,w,v,w,p,n,y,b
p,f,w,o,c,b,t,t,p,s,s,l,f,x,b,w,w,y,w,d,n,y,b
p,f,w,o,c,b,t,e,p,s,k,e,f,f,b,g,p,v,h,d,n,g,g
p,f,w,o,c,n,f,e,p,k,s,p,y,f,?,w,w,s,w,d,f,y,b
p,f,w,o,c,b,f,t,p,f,s,p,y,f,?,w,w,v,w,g,n,e,b
p,f,w,o,c,b,f,e,p,k,s,e,f,x,?,b,w,s,n,d,n,g,h
p,f,w,o,c,b,t,e,p,s,s,e,f,f,b,g,w,s,n,d,n,g,g
p,f,w,o,c,n,f,e,e,k,k,p,y,x,e,p,p,v,n,d,n,n,p
p,f,w,o,c,b,t,t,p,s,s,e,y,f,b,w,p,v,k,g,l,g,w
p,f,w,o,w,b,t,t,p,s,f,l,s,f,?,o,w,v,n,g,s,n,b
p,f,w,o,c,b,t,t,p,s,s,e,s,k,b,w,w,v,w,l,f,e,n
p,f,w,o,w,n,t,e,p,f,f,p,s,x,b,w,w,v,h,d,y,n,b
p,f,w,o,c,b,t,e,e,s,k,l,s,f,b,w,w,y,k,g,f,n,w
p,f,w,o,c,b,f,e,e,s,s,p,y,f,b,w,w,s,n,g,a,e,p
p,f,w,o,c,b,t,t,e,s,k,p,y,f,c,w,p,n,h,p,a,y,w
p,f,w,o,c,n,f,t,p,k,k,e,s,f,b,n,p,v,k,d,f,g,h
p,f,w,t,c,n,f,t,e,f,s,p,s,x,b,w,g,y,h,g,n,c,p
p,f,w,o,c,b,t,t,e,s,s,e,s,k,b,w,w,v,n,d,a,y,n
p,f,w,o,c,n,f,e,e,k,s,e,y,f,?,p,w,v,h,d,n,g,u
p,f,w,o,w,b,t,t,e,s,s,e,f,x,b,w,w,a,k,d,n,g,p
p,f,w,t,c,b,f,e,e,k,s,e,y,x,?,b,w,a,h,u,y,n,p
p,f,w,o,c,b,t,t,e,s,s,l,f,f,b,w,w,v,k,d,n,b,w
p,a,n,o,c,b,f,e,p,f,s,p,s,x,b,w,w,v,w,p,y,w,b
p,a,w,o,c,n,f,t,e,f,y,p,s,x,?,w,n,v,k,d,f,n,u
p,f,w,o,c,n,f,e,e,s,s,e,s,x,?,w,w,v,h,g,n,n,w
p,f,w,o,c,b,t,e,e,s,k,p,y,x,b,w,n,s,y,g,n,e,w
p,f,w,t,w,b,t,t,e,s,f,p,s,k,b,p,w,y,n,l,s,p,n
p,f,w,o,w,b,f,e,p,k,s,e,f,x,?,w,w,v,b,d,n,y,b
p,f,w,o,c,b,t,e,p,s,s,e,y,f,b,g,w,a,w,d,n,g,b
p,f,w,o,c,b,f,e,e,s,k,p,y,x,b,o,w,n,h,d,f,g,w
p,f,w,o,c,n,f,t,p,f,s,p,s,x,?,w,w,y,w,l,n,y,b
p,f,w,o,c,b,f,e,p,k,s,p,y,x,?,b,g,v,h,d,y,e,b
p,f,w,o,c,b,t,e,e,s,k,l,y,f,c,o,w,y,k,d,s,w,u
p,f,w,o,c,n,f,e,e,k,s,p,s,x,?,p,g,y,h,g,s,y,w
p,f,w,o,c,n,f,t,e,k,k,p,s,f,?,n,p,v,n,p,c,g,p
p,f,w,o,c,n,f,e,p,k,s,p,s,x,b,b,w,y,w,m,p,w,b
p,f,w,t,c,b,t,t,e,s,s,p,f,f,b,g,w,y,w,l,f,w,w
p,a,o,o,c,b,f,e,e,f,s,p,f,f,b,w,w,v,h,g,f,y,n
p,f,w,o,c,b,t,e,p,s,s,e,f,f,b,w,o,v,n,l,c,n,g
p,f,w,o,c,n,t,t,p,s,s,e,y,x,c,p,p,v,w,d,s,y,g
p,f,w,o,c,n,f,t,p,s,s,p,s,f,e,w,w,s,w,d,n,e,p
p,f,w,o,c,n,f,e,p,k,k,p,s,x,e,p,p,c,k,g,f,w,b
p,f,w,o,c,b,t,t,e,s,k,e,f,x,b,p,p,v,k,l,n,w,u
p,f,w,o,w,b,t,e,p,s,s,p,s,f,b,w,g,s,h,g,f,e,w
p,f,w,o,c,b,t,t,e,s,f,p,y,f,b,w,w,v,k,g,f,g,w
p,f,w,o,c,b,t,t,p,s,s,e,f,x,r,g,p,v,w,g,n,n,b
p,f,w,o,c,b,t,t,p,s,s,p,f,x,b,w,w,v,w,g,n,n,h
p,f,w,o,c,b,f,e,p,k,k,e,y,x,?,w,p,a,k,g,a,y,b
p,f,w,o,c,n,f,t,p,s,s,l,y,k,e,w,w,v,k,l,y,e,n
p,f,w,o,c,n,f,e,e,s,s,p,s,x,e,w,p,s,h,u,s,e,w
p,f,w,o,c,b,f,t,p,k,s,e,f,k,?,p,w,v,k,l,n,g,p
p,f,w,o,c,n,f,e,p,k,s,l,s,x,c,p,w,v,h,d,n,w,h
p,f,w,o,c,b,t,t,e,s,k,e,f,f,b,w,p,c,n,g,n,n,n
p,f,w,o,c,b,f,t,e,k,s,p,f,k,b,w,e,v,w,w,n,g,h
p,f,w,o,c,n,f,t,e,s,y,l,y,f,?,p,w,y,k,d,f,n,n
p,f,w,o,c,b,t,e,p,s,s,l,y,x,?,w,w,v,h,m,f,g,b
p,f,w,o,c,b,f,e,e,f,s,e,y,x,?,w,w,v,n,d,s,g,o
p,f,w,o,c,b,f,t,p,k,s,l,s,f,b,p,w,y,n,d,n,e,b
p,f,w,o,c,b,f,t,p,k,s,l,s,x,?,p,g,v,k,d,s,g,n
p,f,w,o,c,n,f,t,e,s,s,e,s,x,b,p,w,v,w,d,n,e,h
p,f,w,o,c,b,t,e,e,s,s,p,y,x,b,w,w,y,n,p,y,g,p
p,f,w,o,c,b,t,e,e,s,s,p,f,f,b,w,g,v,h,g,n,w,p
p,f,w,o,c,n,t,t,p,s,s,e,y,f,b,w,w,c,k,l,n,n,b
p,f,w,o,c,b,f,e,p,k,s,l,y,f,e,p,w,v,h,g,n,g,p
p,f,w,o,w,b,f,t,p,s,s,p,s,f,b,w,w,s,k,p,n,y,b
p,f,w,o,c,n,f,t,p,k,s,p,y,x,e,n,w,y,k,d,n,w,w
p,f,w,o,c,b,f,t,e,s,s,p,f,x,b,w,w,v,w,d,n,w,w
p,f,w,o,c,n,f,t,e,k,s,l,y,x,b,w,w,v,n,d,f,n,u
p,f,w,o,c,b,t,t,p,s,k,e,s,x,b,w,p,v,n,d,f,e,b
p,f,w,t,w,b,f,t,e,k,k,p,y,f,e,p,p,v,w,g,n,e,w
p,f,w,o,c,n,t,t,p,s,s,p,y,f,b,w,w,y,w,d,f,w,h
p,f,w,o,c,n,t,t,e,s,f,p,y,k,b,w,w,s,k,l,m,n,w
p,f,w,o,c,b,f,e,p,k,s,p,y,x,e,c,w,v,n,g,a,e,p
p,f,w,o,c,n,f,t,e,k,k,l,s,x,e,p,b,y,k,d,y,y,u
p,f,w,o,c,b,t,t,p,s,k,p,y,x,b,g,b,v,w,d,a,n,g
p,f,w,o,c,b,t,t,p,s,s,e,y,x,b,w,w,v,w,p,a,n,b
p,f,w,o,c,b,t,t,e,s,k,e,s,x,b,g,p,v,k,d,l,n,n
p,f,w,o,w,b,f,e,e,s,s,e,s,b,?,w,w,v,w,g,n,g,p
p,f,w,o,c,b,t,t,p,s,s,e,y,f,b,g,w,a,w,g,n,e,h
p,f,w,o,c,n,f,t,p,s,s,p,s,b,e,w,w,n,k,g,f,w,b
p,f,w,t,w,b,t,t,e,s,k,e,s,k,?,w,n,a,h,p,f,p,k
p,f,w,o,w,b,t,t,p,s,s,e,s,b,?,w,p,a,n,g,n,y,b
p,f,w,o,c,n,f,e,p,s,s,l,s,x,b,p,p,v,k,p,p,n,p
p,f,w,o,c,n,t,e,e,s,s,p,y,f,b,w,w,v,h,g,f,n,n
p,f,w,o,c,n,f,t,e,k,s,l,f,f,b,n,p,v,w,l,n,n,w
p,f,w,t,c,n,f,e,e,k,k,p,y,x,b,n,p,v,o,d,f,p,u
p,f,w,o,c,b,f,t,p,k,k,f,y,f,b,b,p,v,n,d,n,g,g
p,f,w,o,c,n,f,e,e,k,k,l,s,x,b,n,p,v,n,l,n,n,n
p,f,w,o,c,n,f,t,e,y,s,e,y,f,e,n,p,v,k,w,n,g,w
p,a,o,o,c,n,f,e,e,f,s,p,s,f,?,w,w,y,n,d,f,e,g
p,f,w,o,c,b,f,t,e,k,s,p,y,f,b,b,w,c,w,g,n,n,w
p,f,w,o,c,n,f,t,p,s,k,e,f,k,b,g,n,a,u,l,n,n,b
p,f,w,o,c,b,t,t,p,s,s,p,y,x,b,p,p,v,w,d,n,n,p
p,f,w,o,w,b,t,e,e,s,s,p,y,f,b,w,w,y,w,d,l,e,w
p,f,w,o,c,b,f,e,p,k,s,l,y,x,b,w,e,v,h,d,a,n,p
p,f,w,o,c,b,t,e,p,s,s,p,f,x,b,w,w,v,h,d,f,w,n
p,f,w,o,c,b,f,t,p,k,s,p,y,x,?,w,w,n,n,d,y,n,b
p,f,w,o,c,b,t,t,e,s,k,p,y,x,b,w,b,s,n,g,f,g,n
p,f,w,o,w,b,f,t,p,k,s,p,f,x,?,n,o,v,k,d,c,y,p
p,f,w,o,w,b,t,e,p,s,s,p,f,f,b,w,o,v,h,g,n,g,p
p,f,w,n,c,b,t,t,p,s,s,p,f,f,r,o,e,s,k,d,f,e,p
p,f,w,o,c,n,t,t,p,s,s,e,s,k,b,w,w,v,w,p,f,w,h
p,f,w,t,c,b,t,t,e,s,k,p,s,k,b,w,w,c,w,p,n,c,w
p,f,w,o,c,b,f,e,e,y,k,p,f,x,?,n,n,y,h,d,c,g,w
p,f,w,o,w,n,t,t,e,s,k,e,s,b,b,p,w,a,n,m,n,e,p
p,f,w,o,c,n,f,e,p,s,s,p,f,x,b,w,p,v,h,d,n,e,b
p,f,w,o,w,b,t,e,p,s,f,p,f,x,b,w,w,v,h,d,f,e,b
p,f,w,o,c,n,t,e,p,s,s,e,s,x,b,g,w,c,h,g,s,n,b
p,f,w,o,w,n,f,e,e,s,s,e,y,x,?,g,w,v,k,d,n,g,n
p,f,w,o,c,b,f,t,p,k,s,p,y,f,?,w,w,v,k,g,f,e,b
p,f,w,o,c,n,f,e,p,s,s,p,s,x,e,w,p,y,k,g,n,g,h
p,f,w,o,c,b,t,e,p,s,s,p,y,x,b,w,w,y,w,l,s,n,b
p,f,w,o,c,n,f,t,p,s,s,p,s,x,e,w,w,v,k,d,y,e,g
p,f,w,o,c,n,f,t,e,s,y,p,s,x,e,w,c,v,w,l,n,w,u
p,f,w,o,w,b,f,e,e,k,k,p,f,x,?,p,p,v,h,p,n,w,u
p,f,w,o,c,b,f,e,e,f,k,e,s,f,?,w,p,v,h,p,l,n,g
p,f,w,o,c,b,t,e,e,s,f,e,y,k,c,p,w,s,n,w,n,g,h
p,f,w,t,c,n,f,e,e,s,f,e,y,k,?,w,w,v,h,l,f,g,e
p,f,w,o,c,b,f,e,e,s,f,e,s,x,e,o,w,v,n,d,f,w,w
p,f,w,o,c,b,f,t,e,k,k,e,y,x,e,p,b,v,w,g,n,w,n
p,f,w,o,c,b,t,t,e,s,k,p,f,x,b,w,n,v,w,d,n,g,u
p,f,w,n,c,n,f,t,p,s,k,p,s,x,b,w,b,y,k,g,s,n,g
p,f,w,o,w,b,f,e,e,k,s,p,y,f,?,w,w,s,w,d,y,e,n
p,f,w,o,c,b,f,t,e,k,s,p,y,k,?,b,w,v,w,l,f,y,w
p,f,w,o,c,n,f,t,p,k,s,e,s,x,?,n,w,v,n,g,y,b,b
p,f,w,o,c,n,f,e,e,s,s,p,y,k,e,w,w,v,k,l,p,g,w
p,f,w,o,c,n,f,e,p,k,s,p,y,f,?,p,w,n,n,d,s,e,h
p,f,w,o,w,b,t,t,p,s,s,l,f,x,?,w,w,y,k,d,n,n,n
p,f,w,o,c,b,f,t,e,f,s,l,y,f,?,w,p,y,h,g,f,e,w
p,f,w,o,c,b,f,t,e,s,k,l,f,b,e,e,p,y,n,m,f,n,w
p,f,w,o,c,b,t,e,e,s,k,p,f,x,b,w,p,s,w,d,n,w,g
p,f,w,o,c,b,f,e,e,k,k,p,y,k,b,p,p,v,h,l,a,g,w
p,f,w,t,w,b,t,e,e,s,s,e,s,x,b,g,p,v,k,g,n,n,w
p,f,w,o,c,b,f,t,e,s,s,p,y,f,b,w,w,n,k,w,s,n,p
p,f,w,o,c,b,t,t,p,s,s,e,f,x,?,w,p,v,w,d,n,w,p
p,f,w,o,c,b,t,t,e,s,k,l,s,f,c,g,p,y,k,d,f,n,u
p,f,w,t,c,n,f,t,e,s,s,p,y,b,c,w,g,v,k,g,n,w,p
p,f,w,o,c,b,t,e,e,s,k,p,f,x,b,w,p,n,h,d,n,n,h
p,f,w,o,c,n,f,e,p,k,s,e,y,x,?,w,w,v,w,l,a,y,p
p,f,w,o,w,b,t,e,p,s,f,p,s,x,b,w,w,y,n,g,l,e,b
p,f,w,o,c,b,f,e,e,s,s,p,f,x,?,w,w,y,h,d,f,y,k
p,f,w,o,c,b,t,e,e,s,f,p,y,x,c,w,w,v,n,d,f,n,n
p,f,w,o,c,b,t,t,e,s,k,p,f,f,r,w,p,v,k,d,n,n,u
p,f,w,o,c,b,f,t,e,k,s,l,f,x,b,p,p,y,n,p,n,g,w
p,f,w,o,c,n,f,e,e,s,k,l,f,f,?,w,w,y,w,d,n,n,e
p,f,w,n,c,b,f,e,p,k,s,p,f,f,e,w,g,s,h,g,n,e,h
p,f,w,o,c,b,f,e,p,s,s,p,f,f,?,w,w,s,k,d,f,n,h
p,f,w,o,c,b,t,e,e,s,s,p,f,f,b,o,w,n,h,m,n,n,w
p,f,w,o,c,n,f,t,e,s,k,p,f,f,e,w,w,s,k,p,n,e,u
p,f,w,o,c,b,t,t,p,s,k,p,s,f,b,w,w,s,w,d,c,n,b
p,f,w,o,c,n,f,t,e,k,y,p,s,f,?,w,n,c,n,p,n,w,p
p,f,w,o,c,n,f,e,e,s,s,p,f,f,?,w,w,y,k,g,n,w,y
p,f,w,o,c,n,f,e,e,k,k,l,s,x,b,w,w,v,w,d,f,n,u
p,f,w,o,c,n,t,e,e,s,k,e,s,x,r,w,w,v,w,u,f,e,p
p,f,w,o,w,b,t,t,p,s,s,p,f,f,b,w,w,v,k,p,n,e,b
p,f,w,o,c,n,f,e,p,s,s,p,y,f,?,w,p,s,b,g,n,n,b
p,f,w,o,c,b,t,t,p,s,k,l,f,x,b,p,b,y,k,l,f,e,g
p,f,w,o,c,n,f,e,p,f,s,e,s,k,e,w,w,v,n,g,f,n,b
p,f,w,o,c,b,f,e,p,k,s,p,f,x,b,n,w,s,k,d,n,n,b
p,f,w,o,c,b,f,e,e,s,s,e,y,f,?,p,p,v,h,p,n,n,g
p,f,w,o,c,n,f,t,e,k,k,p,s,x,b,w,b,s,w,m,f,w,w
p,f,w,o,w,n,f,t,e,k,k,e,y,x,?,w,p,c,n,g,s,n,p
p,f,w,o,c,b,t,e,p,s,s,e,f,b,b,w,w,v,n,m,n,n,h
p,f,w,o,w,b,t,e,p,s,s,p,y,f,b,o,g,v,h,g,l,u,b
p,f,w,o,c,n,f,t,p,k,s,p,s,f,?,b,p,y,n,d,p,n,b
p,f,w,o,c,b,t,e,p,s,s,p,y,f,b,w,w,y,r,d,f,n,h
p,f,w,t,c,b,t,t,e,s,s,e,y,f,b,o,w,v,w,d,n,w,k
p,f,w,o,c,n,f,t,e,s,s,e,s,f,b,w,w,v,w,p,n,g,u
p,f,w,t,w,b,f,t,e,s,s,e,s,b,?,p,w,v,n,g,n,e,w
p,f,w,o,c,b,f,e,e,f,s,e,y,b,e,w,o,v,h,m,n,y,u
p,f,w,o,c,n,f,e,e,s,y,p,s,f,e,w,n,y,h,g,n,n,g
p,f,w,o,w,b,t,t,e,s,s,p,s,x,c,p,e,y,w,d,a,w,w
p,f,w,o,c,b,t,t,e,s,s,l,y,x,c,w,g,y,w,d,n,e,k
p,f,w,o,c,n,f,t,e,k,s,e,s,f,e,p,w,v,w,d,y,n,p
p,f,w,o,c,b,f,t,p,k,k,l,s,k,?,b,n,y,w,w,f,n,b
p,f,w,o,c,b,f,t,e,k,k,e,f,k,?,p,n,v,h,d,f,n,w
p,f,w,o,c,b,f,t,p,s,s,e,f,x,?,w,w,v,w,p,n,e,b
p,f,w,t,c,b,t,e,p,s,s,l,f,k,b,w,w,y,k,p,n,n,g
p,f,w,t,w,n,f,e,e,k,s,p,s,x,e,p,w,c,h,u,n,g,k
p,f,w,o,c,b,t,e,e,s,s,p,s,f,b,w,p,v,n,p,n,y,w
p,f,w,o,w,b,t,e,p,s,s,p,y,b,?,o,w,v,n,g,y,g,b
p,f,w,o,c,b,f,e,e,s,s,e,s,x,b,g,g,v,k,g,n,g,n
p,f,w,o,c,b,f,e,p,k,k,e,f,f,b,p,w,s,k,d,n,e,p
p,f,w,o,w,b,f,e,e,k,s,p,f,f,?,b,w,v,n,g,n,e,w
p,f,w,o,c,b,t,e,e,s,s,l,y,f,c,w,p,y,w,p,n,e,w
p,f,w,o,c,n,f,e,p,f,s,p,y,f,b,w,o,n,n,p,f,n,b
p,f,w,o,c,n,t,e,p,s,s,l,y,f,e,w,w,v,h,p,p,w,b
p,f,w,o,c,n,f,e,p,s,s,p,s,f,?,p,g,y,n,d,n,e,b
p,f,w,o,c,b,t,t,e,s,f,p,s,k,b,p,w,s,k,l,f,n,w
p,f,w,o,c,b,f,e,p,s,s,l,y,f,b,w,w,y,n,p,f,g,w
p,f,w,o,c,b,t,t,e,s,s,p,f,x,b,w,w,v,k,d,n,y,p
p,f,w,o,c,n,f,t,p,k,s,e,s,b,b,w,w,v,w,g,n,n,b
p,f,w,o,c,b,f,t,e,s,s,e,f,x,?,w,p,a,k,d,n,n,g
p,f,w,o,c,b,t,t,e,s,s,l,y,x,b,o,p,v,w,g,n,e,n
p,f,w,o,c,n,t,t,p,s,s,e,s,x,b,p,w,v,w,g,n,w,h
p,f,w,t,c,b,f,e,p,s,s,p,f,f,b,p,w,y,n,u,n,g,b
p,f,w,o,c,b,f,t,p,k,k,p,s,f,?,b,n,v,n,g,n,e,w
p,f,w,o,c,b,f,t,p,k,s,p,s,f,?,p,w,n,k,p,y,e,b
p,f,w,o,w,b,f,e,e,k,k,l,y,x,b,b,b,y,n,g,n,g,n
p,f,w,o,c,n,f,t,p,s,f,l,s,f,e,w,w,y,w,g,f,n,h
p,f,w,o,c,b,t,e,p,s,s,p,y,x,b,w,w,s,k,u,n,g,b
p,f,w,o,c,b,t,e,e,s,s,e,f,x,b,o,g,a,h,g,n,e,k
p,a,n,o,c,n,f,e,p,s,s,p,y,f,b,w,w,y,w,p,f,y,w
p,f,w,o,c,b,t,t,e,s,k,p,y,b,c,w,b,s,w,l,n,e,u
p,f,w,t,c,b,f,t,e,k,s,p,y,x,?,b,w,s,w,l,f,p,p
p,f,w,o,c,n,f,e,p,k,k,p,f,f,e,b,w,s,h,g,n,g,g
p,f,w,o,c,b,f,t,p,k,f,p,f,x,b,w,w,v,w,d,n,g,b
p,f,w,o,c,b,t,t,p,s,s,p,s,x,c,w,w,v,w,m,f,w,h
p,f,w,o,w,n,f,t,e,k,s,e,y,k,b,w,w,a,w,g,n,y,g
p,f,w,o,c,n,f,e,e,s,k,p,y,f,e,w,n,n,h,l,n,n,n
p,f,w,o,c,b,t,t,p,s,s,e,f,x,r,p,e,v,n,g,f,e,b
p,f,w,t,c,b,t,e,e,s,y,p,y,x,b,w,w,v,w,p,n,n,w
p,f,w,o,c,n,f,t,p,k,s,l,s,k,?,n,w,y,w,w,p,g,h
p,f,w,o,w,b,f,e,e,k,k,p,f,f,?,b,w,y,r,d,f,y,p
p,f,w,o,c,b,f,t,e,k,k,e,f,x,e,w,p,s,w,d,l,g,n
p,f,w,o,c,n,f,t,e,s,s,l,y,b,e,p,g,v,h,m,f,g,p
p,f,w,o,w,n,f,t,e,s,f,e,f,f,e,w,w,v,k,d,n,y,k
p,f,w,o,c,b,t,e,e,s,f,e,f,f,b,w,w,s,n,d,f,n,u
p,f,w,o,c,b,f,t,e,s,y,l,f,f,?,w,w,v,w,w,n,y,p
p,f,w,o,c,b,t,t,e,s,s,p,f,x,b,w,w,y,k,d,n,n,w
p,f,w,o,c,b,t,e,p,s,s,p,y,x,r,p,w,v,h,g,n,g,b
p,f,w,o,c,n,f,t,e,s,s,e,s,f,b,g,p,a,w,g,s,n,n
p,f,w,o,c,b,t,t,p,s,k,e,s,f,c,p,w,v,w,d,p,n,b
p,f,w,o,c,b,f,t,e,s,s,e,f,f,?,e,o,v,w,d,n,g,h
p,f,w,o,c,b,t,t,e,s,f,p,y,f,b,w,w,v,w,d,l,y,n
p,f,w,o,c,b,f,t,p,s,s,e,y,b,e,g,p,v,n,l,s,e,g
p,f,w,o,c,b,t,e,e,s,k,p,y,x,b,w,b,y,k,d,f,y,w
p,a,o,o,c,b,t,e,p,s,s,p,s,x,c,w,g,y,w,p,f,w,h
p,f,w,o,c,b,f,t,e,k,s,e,s,b,?,p,w,v,w,g,a,y,g
p,f,w,o,c,b,f,t,p,s,s,p,s,f,?,w,w,n,n,g,a,w,b
p,f,w,o,c,b,t,t,p,s,s,e,s,f,e,w,g,a,k,w,f,n,w
p,f,w,o,w,b,t,t,e,f,s,p,y,k,b,w,p,c,k,l,l,n,y
p,f,w,o,c,b,t,t,p,s,s,p,y,b,?,w,g,v,w,g,n,g,g
p,f,w,o,c,b,f,e,e,f,f,p,f,x,?,w,w,s,k,d,n,n,p
p,f,w,o,w,b,f,e,p,s,s,l,f,f,b,e,w,y,n,p,n,g,w
p,f,w,o,c,b,f,e,p,k,s,e,y,x,?,w,w,v,n,g,l,n,g
p,f,w,o,c,n,f,e,p,s,k,e,s,x,?,w,n,v,k,d,f,g,p
p,f,w,o,c,n,f,t,p,s,k,p,s,x,e,g,p,v,w,g,f,e,w
p,f,w,o,w,n,f,t,p,s,s,p,f,f,b,g,g,s,w,d,n,y,b
p,f,w,o,c,n,f,e,e,k,s,p,y,f,b,p,w,y,n,g,n,g,w
p,f,w,o,c,n,f,t,p,s,f,l,s,x,e,w,n,v,w,l,n,e,b
p,a,n,o,c,b,t,e,p,s,s,p,f,x,b,o,g,y,h,d,n,n,w
p,f,w,o,c,n,f,e,p,s,s,e,y,x,?,w,o,v,n,d,n,n,g
p,f,w,o,c,n,f,t,e,f,k,p,s,x,?,w,p,y,k,d,n,n,n
p,f,w,o,c,b,f,t,e,s,s,p,s,x,e,g,w,c,n,d,l,w,u
p,f,w,o,w,n,f,t,e,s,k,p,y,k,?,w,w,s,k,l,f,e,p
p,f,w,o,c,b,f,t,p,f,k,l,y,f,?,w,n,y,w,d,l,g,b
p,f,w,o,c,b,f,t,e,s,y,p,s,f,?,w,n,s,w,p,s,b,w
p,f,w,o,c,n,t,e,p,s,k,p,y,k,c,p,b,s,h,g,l,e,b
p,f,w,o,c,n,f,t,p,k,s,p,y,x,?,n,g,s,n,g,f,g,p
p,f,w,o,c,b,f,t,e,s,k,p,s,x,?,w,w,v,k,d,a,y,u
p,f,w,o,c,n,f,t,e,k,y,e,s,f,b,w,n,v,n,g,f,y,w
p,f,w,o,c,n,f,t,p,k,s,p,s,k,b,p,w,s,n,l,c,y,p
p,f,w,o,c,b,f,e,e,k,f,e,y,x,b,n,w,s,h,d,s,y,u
p,f,w,o,c,n,f,e,e,s,k,l,s,k,b,w,p,y,w,l,f,g,k
p,f,w,t,c,b,t,t,e,s,f,p,y,f,c,w,w,s,k,l,f,p,n
p,f,w,o,c,b,t,t,p,s,k,l,y,x,b,o,p,y,w,d,f,w,h
p,f,w,o,c,n,f,t,e,k,s,e,s,x,b,b,w,v,w,p,f,y,w
p,f,w,o,c,n,f,t,p,k,s,e,y,f,e,p,w,v,n,g,f,w,h
p,a,o,o,c,b,f,e,e,s,s,p,y,b,e,p,p,s,w,g,n,n,n
p,f,w,o,w,b,t,e,p,s,s,e,s,x,b,w,w,v,w,w,a,w,h
p,f,w,o,c,n,f,e,e,s,s,p,s,x,?,p,w,n,k,d,p,e,w
p,f,w,o,c,n,f,t,e,k,k,e,f,x,e,p,w,v,n,d,n,g,u
p,f,w,o,c,b,f,t,p,s,s,p,y,f,?,w,g,v,w,d,f,w,p
p,f,w,o,c,b,f,t,e,s,f,p,y,f,?,p,w,v,w,u,n,n,w
p,f,w,t,c,b,f,e,e,k,s,e,y,k,?,w,p,v,h,d,n,e,p
p,f,w,o,c,n,f,t,p,s,k,l,y,x,b,e,n,v,n,l,f,n,b
p,f,w,o,c,n,f,e,p,k,s,p,y,k,b,p,p,v,w,l,n,n,b
p,f,w,o,c,b,t,e,e,s,f,l,s,f,b,w,w,v,k,d,l,n,n
p,f,w,o,c,b,f,t,e,s,s,p,s,x,?,w,w,v,w,d,n,e,w
p,f,w,o,c,n,f,t,p,k,s,e,y,f,?,n,p,a,u,d,y,g,b
p,f,w,o,c,n,f,t,e,k,f,e,s,f,b,b,w,v,w,u,f,n,w
p,f,w,o,c,n,f,t,p,f,s,p,y,f,?,w,g,v,w,g,f,y,h
p,f,w,o,w,n,f,e,e,k,f,l,s,f,e,n,w,v,h,d,y,e,w
p,f,w,o,c,b,f,t,e,s,s,e,s,f,e,w,g,c,k,g,n,g,n
p,f,w,o,c,b,t,t,e,s,s,l,y,f,b,w,w,y,k,g,f,e,p
p,f,w,o,c,b,f,t,e,k,k,e,y,f,e,n,n,v,w,d,s,e,p
p,f,w,o,c,n,f,t,e,k,y,e,s,x,?,p,w,v,k,d,f,y,p
p,f,w,o,w,n,f,e,e,s,k,p,s,k,?,g,w,s,k,d,s,g,g
p,f,w,o,c,b,t,e,e,s,f,e,y,f,b,p,w,v,h,d,n,n,w
p,f,w,o,c,n,f,t,e,k,k,p,s,x,?,w,b,n,k,g,l,n,p
p,f,w,o,c,b,f,e,e,k,s,e,s,f,?,p,w,v,n,d,p,y,n
p,f,w,t,c,b,t,e,e,s,s,p,y,k,r,w,w,y,n,p,n,w,o
p,f,w,o,c,n,f,t,p,s,f,e,y,f,b,p,w,v,n,d,s,g,b
p,f,w,o,c,b,t,t,e,s,s,p,y,f,b,w,g,v,w,l,f,n,n
p,f,w,o,c,b,t,e,p,s,s,n,y,f,c,w,p,c,n,d,s,n,b
p,f,w,o,c,b,f,t,p,s,s,p,s,k,?,w,w,y,k,d,n,y,b
p,f,w,t,c,n,f,t,e,k,k,e,f,f,?,p,n,v,w,d,n,p,u
p,f,w,o,c,n,f,e,e,s,s,p,y,x,b,w,w,s,w,d,f,e,n
p,f,w,o,w,b,t,e,p,s,k,p,f,f,b,w,n,s,n,g,n,y,g
p,f,w,o,c,b,t,e,p,s,k,p,y,x,b,w,p,y,w,d,n,r,b
p,f,w,o,w,b,t,t,e,s,k,e,s,f,b,p,n,a,w,p,a,e,u
p,f,w,o,w,b,f,t,p,s,s,e,y,x,b,w,g,a,n,g,l,w,p
p,f,w,o,c,n,f,t,e,s,s,p,s,x,?,p,w,y,h,d,n,e,p
p,f,w,o,c,b,t,t,p,s,f,e,s,f,b,e,w,v,n,g,n,w,w
p,f,w,o,c,b,f,e,p,k,s,l,y,x,?,c,o,y,h,g,n,n,w
p,f,w,o,w,b,t,e,e,s,s,p,y,x,b,g,p,y,h,g,n,n,p
p,f,w,o,c,b,f,e,p,k,s,e,f,x,b,p,w,v,k,g,n,n,b
p,f,w,o,c,b,f,t,p,s,s,p,y,x,e,w,g,n,w,d,n,y,b
p,f,w,o,c,b,f,e,p,k,f,e,f,x,?,p,w,c,k,g,f,g,g
p,f,w,t,c,b,f,e,e,s,s,p,f,f,b,w,g,y,h,g,n,b,p
p,f,w,o,c,n,f,e,e,k,k,p,s,f,b,w,n,s,w,d,n,n,u
p,f,w,o,c,n,f,e,p,k,s,e,y,f,b,w,w,v,h,u,n,g,h
p,f,w,o,c,b,t,t,p,s,k,l,y,f,b,w,w,y,k,d,p,y,b
p,f,w,o,c,n,f,t,p,s,s,p,y,k,e,w,p,n,w,p,f,e,b
p,f,w,o,c,n,f,e,p,s,s,p,s,f,?,w,g,v,n,d,a,g,b
p,f,w,o,c,b,t,t,e,s,s,e,s,x,b,w,w,v,n,d,n,g,n
p,f,w,o,c,n,f,t,e,k,s,p,y,f,?,p,w,y,k,d,n,w,u
p,f,w,o,w,b,t,t,e,s,s,e,s,x,b,w,p,v,w,g,c,g,p
p,f,w,o,c,b,t,e,e,s,s,p,y,f,b,w,w,v,h,g,f,y,p
p,f,w,o,c,b,t,e,e,s,s,p,s,f,b,p,w,s,r,l,n,g,h
p,f,w,o,c,b,t,e,p,s,s,p,y,x,b,w,g,v,n,d,f,n,k
p,f,w,o,c,b,t,t,e,s,s,e,f,x,r,w,p,v,k,p,n,e,h
p,f,w,o,c,n,f,e,e,k,s,e,y,f,?,n,w,v,h,p,n,y,n
p,f,w,o,c,b,f,t,p,s,k,p,y,f,e,w,p,v,k,d,n,n,n
p,f,w,o,c,b,f,e,p,k,s,e,f,f,b,n,p,v,w,p,n,n,h
p,f,w,o,c,b,f,e,e,k,s,p,s,f,b,b,w,n,w,d,f,n,e
p,f,w,o,c,n,f,t,e,k,k,e,s,x,b,p,n,s,n,d,l,p,u
p,f,w,o,c,n,t,t,p,f,k,p,y,k,?,w,p,v,w,g,f,g,p
p,a,o,o,c,b,t,e,e,s,s,p,y,f,b,w,w,v,h,d,y,g,p
p,f,w,o,c,n,f,t,p,s,k,l,y,f,b,w,w,y,k,d,y,w,h
p,f,w,t,c,b,t,t,e,s,s,p,y,k,r,w,w,s,k,l,f,b,n
p,f,w,o,c,b,t,t,e,s,f,e,y,f,b,p,w,v,k,g,f,e,w
p,f,w,o,c,b,f,t,e,s,s,e,f,x,b,p,w,c,k,d,n,y,u
p,a,n,o,c,b,f,e,p,k,s,p,s,b,?,w,w,n,w,l,s,n,b
p,f,w,o,c,b,f,e,e,s,k,e,f,x,e,w,b,v,k,d,n,g,w
p,f,w,o,c,b,t,t,p,s,k,p,f,f,b,w,p,s,w,p,n,y,b
p,f,w,o,c,b,f,t,e,s,s,l,y,x,?,p,w,v,n,d,a,g,k
p,f,w,o,w,b,f,e,p,k,s,e,y,f,?,n,w,s,n,g,a,g,b
p,f,w,o,c,b,f,t,e,k,s,p,f,f,?,b,w,v,k,p,c,g,u
p,f,w,o,c,b,t,e,e,s,s,p,s,f,c,w,p,s,h,g,f,n,w
p,f,w,o,c,b,f,t,e,k,f,p,s,f,b,b,w,y,k,g,f,y,w
p,f,w,o,c,n,f,t,e,s,k,p,s,f,b,w,n,s,w,g,y,n,h
p,f,w,o,c,b,f,t,e,k,s,p,f,f,?,w,w,v,w,g,n,y,p
p,f,w,o,c,b,t,e,e,s,k,p,y,b,b,w,w,y,h,g,n,y,k
p,f,w,o,c,n,f,t,p,k,s,l,f,f,?,w,p,v,k,g,n,w,h
p,f,w,o,c,b,t,t,e,s,s,e,f,x,c,w,w,a,n,d,n,n,o
p,f,w,o,w,b,t,t,p,s,s,e,f,f,b,w,w,v,k,g,n,y,w
p,f,w,o,c,n,f,e,e,k,f,l,y,b,b,p,w,y,h,m,n,n,w
p,f,w,o,c,b,t,t,p,s,f,e,y,f,r,w,w,v,w,p,m,g,h
p,f,w,o,c,n,f,e,e,k,k,e,y,x,?,p,n,v,k,g,f,e,w
p,f,w,o,c,b,t,e,e,s,k,e,s,f,c,w,b,v,w,p,f,n,g
p,f,w,o,c,n,f,e,e,k,s,p,s,f,?,p,w,s,w,d,y,y,n
p,f,w,o,c,b,t,e,p,s,s,l,y,x,b,w,w,y,h,d,n,e,g
p,f,w,o,c,b,t,e,p,f,k,p,f,k,c,w,n,v,n,l,f,n,u
p,f,w,o,c,b,f,t,e,s,s,l,y,f,b,p,w,v,k,d,f,p,n
p,f,w,o,c,b,f,t,p,k,k,e,s,f,b,b,w,v,w,g,a,e,r
p,f,w,o,c,n,f,t,p,k,k,e,y,f,e,w,w,v,n,d,n,n,b
p,f,w,o,c,b,t,t,p,s,k,e,y,x,r,w,n,v,k,l,n,g,y
p,f,w,t,c,b,f,e,e,k,s,p,f,k,e,w,o,y,k,l,n,g,n
p,f,w,o,w,b,f,t,e,s,k,p,y,b,?,w,b,y,w,g,n,n,p
p,f,w,o,c,b,f,t,p,k,s,p,s,f,b,c,w,y,n,d,f,w,h
p,f,w,o,c,b,f,t,e,k,s,p,f,f,?,w,g,v,n,p,n,g,w
p,f,w,o,c,b,f,t,e,s,s,p,s,k,e,p,e,s,w,d,n,n,p
p,f,w,o,c,b,t,e,e,s,k,p,y,f,b,w,w,n,n,l,f,e,n
p,f,w,o,c,n,t,t,p,s,s,p,y,b,b,w,w,s,k,m,s,n,p
p,f,w,t,c,b,f,t,e,k,k,p,f,k,?,p,w,v,w,p,n,g,k
p,f,w,o,c,b,f,t,p,s,k,p,f,f,c,w,p,v,u,d,n,g,h
p,f,w,o,c,b,t,t,p,s,f,l,y,x,b,w,w,v,w,d,l,g,b
p,f,w,o,c,b,f,e,p,s,s,p,s,x,b,g,w,n,h,l,n,e,p
p,f,w,o,c,b,f,t,p,k,s,p,y,f,b,p,w,s,k,d,n,n,b
p,f,w,o,c,b,f,t,e,k,s,p,y,x,b,p,p,y,n,g,s,n,k
p,f,w,o,c,b,t,t,e,s,s,p,y,f,b,w,w,c,w,g,f,y,w
p,f,w,o,c,b,t,t,e,s,s,p,s,f,b,e,p,y,k,d,s,g,e
p,f,w,o,c,n,f,e,p,k,s,p,y,x,b,w,w,c,h,g,l,w,b
p,f,w,o,w,b,t,e,e,s,k,p,y,x,b,w,n,y,k,g,l,e,p
p,f,w,o,c,b,t,e,p,s,f,e,y,k,?,w,w,a,w,l,f,n,p
p,f,w,o,c,n,t,t,p,s,s,e,s,x,c,w,g,c,k,p,c,y,b
p,f,w,o,c,b,f,t,e,f,k,p,s,x,?,w,n,y,h,d,f,n,h
p,f,y,o,c,b,t,e,e,s,f,e,f,f,e,w,w,v,k,p,n,g,p
p,f,w,o,w,b,f,t,e,k,k,e,s,x,c,p,w,v,k,d,y,n,n
p,f,w,o,c,b,t,e,p,s,s,e,y,x,b,w,w,a,w,l,f,n,h
p,f,w,o,c,n,f,t,p,s,s,l,s,f,b,p,g,y,n,p,s,e,k
p,f,w,o,c,b,t,e,e,s,s,e,s,f,b,o,p,v,n,g,a,g,k
p,f,w,o,w,b,f,e,e,s,k,p,s,x,?,w,n,s,h,d,f,n,n
p,f,w,o,w,b,t,t,e,s,k,l,y,f,e,g,w,y,k,g,f,p,w
p,f,w,o,c,b,t,t,p,f,s,e,y,x,?,w,w,c,w,p,n,n,b
p,f,w,o,w,b,t,t,p,s,s,p,y,f,b,w,p,s,u,d,l,g,h
p,f,w,o,c,b,t,t,e,s,k,l,f,f,b,g,p,y,n,d,n,g,k
p,f,w,o,c,n,f,t,e,k,s,p,y,f,e,w,w,v,w,p,n,g,p
p,f,w,o,c,b,t,e,p,s,s,e,f,b,c,p,w,v,n,g,n,e,p
p,f,w,o,c,b,t,t,p,f,k,p,s,k,?,w,p,v,k,p,n,g,p
p,f,w,o,c,b,f,t,p,k,k,l,f,x,?,n,p,v,w,p,n,n,b
p,f,w,o,c,n,f,t,p,s,s,e,f,x,?,w,p,v,n,l,n,y,h
p,f,w,o,c,b,f,t,p,s,s,e,y,x,?,w,p,v,w,g,s,p,p
p,f,w,o,c,b,t,t,e,s,k,p,y,f,b,g,w,v,u,g,n,e,p
p,f,w,o,c,b,t,e,e,s,s,p,s,x,c,w,w,v,h,g,f,e,w
p,f,w,o,w,n,f,e,e,k,k,p,s,x,?,w,n,v,h,d,n,n,n
p,f,w,o,w,b,t,t,e,s,s,e,y,f,b,w,w,a,k,g,f,e,w
p,f,w,o,w,b,t,e,p,s,s,p,f,f,b,w,w,y,h,g,n,g,b
p,f,w,o,c,n,f,t,p,s,k,l,y,x,?,w,b,v,n,d,f,n,b
p,f,w,o,c,b,f,t,e,s,s,e,f,b,?,w,w,v,w,g,n,g,k
p,f,w,o,c,n,f,t,p,k,s,e,s,f,?,n,w,s,k,g,s,w,b
p,f,w,o,c,n,f,e,p,s,s,p,s,x,b,p,p,y,r,d,n,g,g
p,f,w,t,c,b,t,e,e,s,f,p,s,k,b,w,w,v,k,l,f,g,p
p,f,w,o,c,n,f,e,e,s,k,e,y,x,?,w,w,s,w,p,p,g,u
p,f,w,o,c,b,f,t,p,k,k,p,f,f,?,n,p,s,n,g,n,g,p
p,f,w,o,c,n,f,t,e,s,s,p,y,x,?,w,w,y,w,g,n,y,p
p,f,w,o,c,n,t,t,e,s,s,p,y,f,b,p,w,v,w,l,a,n,w
p,f,w,o,c,b,t,e,p,s,s,e,f,f,b,p,p,v,h,d,n,e,g
p,f,w,o,c,b,t,t,e,s,s,p,y,x,b,g,p,y,w,d,n,e,n
p,f,w,o,w,b,f,t,p,k,y,l,y,x,?,b,y,y,k,d,f,g,b
p,f,w,o,c,n,f,t,e,s,s,e,y,f,b,p,p,s,n,g,f,e,p
p,f,w,o,w,n,f,e,e,s,s,e,y,x,e,w,w,v,n,d,s,g,k
p,f,w,o,c,n,f,e,p,k,s,e,s,x,?,b,p,v,h,g,p,g,h
p,f,w,o,c,b,t,t,p,s,f,e,y,f,b,w,w,v,n,p,f,e,g
p,f,w,o,c,n,f,e,e,f,s,l,y,f,?,w,g,y,o,g,n,b,n
p,f,w,o,c,b,f,t,p,s,s,p,f,x,?,p,w,y,k,g,n,w,b
p,f,w,o,c,n,t,e,p,s,s,p,y,x,b,o,w,v,w,w,y,y,b
p,f,w,o,w,b,f,t,p,s,y,l,s,f,e,w,w,y,w,g,c,n,p
p,f,w,o,c,n,f,e,e,s,s,e,s,k,b,w,g,v,w,l,a,w,n
p,f,w,o,c,b,f,t,e,s,f,e,y,x,?,w,w,v,n,p,n,y,n
p,f,w,o,c,b,f,t,p,k,s,e,y,f,e,n,w,a,n,d,f,g,p
p,f,w,o,c,n,t,t,e,s,s,e,s,b,b,p,p,v,w,g,f,y,w
p,f,w,o,w,n,f,t,p,s,k,p,s,f,e,w,p,s,h,d,n,y,p
p,f,w,o,w,b,t,t,e,s,s,e,y,x,b,w,w,v,n,w,y,n,p
p,f,w,o,c,n,t,e,e,s,s,p,f,f,c,p,w,v,n,p,n,y,w
p,f,w,o,c,b,f,e,e,s,s,e,s,b,b,w,w,v,h,m,y,y,n
p,f,w,o,c,b,t,e,e,s,s,e,s,f,c,g,p,v,n,p,c,g,n
p,f,w,o,c,n,f,e,e,s,k,e,s,f,b,w,w,a,h,l,y,n,w
p,f,w,o,w,b,t,e,e,s,s,e,f,f,c,p,w,v,n,d,f,y,w
p,f,w,t,c,b,t,t,p,s,f,p,y,x,b,w,w,v,w,g,n,g,g
p,f,w,o,w,b,t,t,e,s,k,p,s,f,e,p,w,n,n,d,y,n,n
p,f,w,o,c,b,t,e,p,s,k,e,f,f,b,w,p,v,n,d,n,n,b
p,f,w,o,c,b,f,t,p,f,k,p,y,x,?,w,p,s,n,d,n,g,b
p,f,w,o,c,b,f,t,e,k,k,e,s,x,b,b,p,v,w,g,s,n,n
p,f,w,o,c,b,f,t,e,k,s,e,f,f,?,p,g,a,n,d,n,g,p
p,f,w,o,c,b,f,e,e,k,k,p,s,f,b,p,p,s,k,p,n,n,p
p,f,w,o,c,b,f,t,e,k,k,e,y,k,e,w,b,v,w,g,n,g,p
p,f,w,o,w,b,t,t,e,s,s,p,f,x,b,w,w,y,n,g,n,n,p
p,f,w,o,w,n,f,e,p,s,k,p,f,x,b,g,p,y,w,p,n,g,b
p,f,w,o,c,b,t,e,e,s,s,p,y,x,b,w,w,v,o,g,s,w,n
p,f,w,o,c,b,t,t,e,s,f,e,y,f,e,w,w,a,k,g,m,g,k
p,f,w,o,c,n,f,t,p,s,f,e,s,f,?,p,w,v,w,g,n,w,h
p,f,w,o,c,n,f,t,e,s,s,l,s,x,b,w,w,y,k,d,n,n,p
p,f,w,o,c,n,f,t,p,k,s,p,s,k,b,b,w,n,w,d,n,g,b
p,f,w,o,c,n,f,e,p,k,s,l,s,x,b,b,w,y,h,d,a,y,p
p,f,w,o,c,b,t,t,e,s,s,l,y,b,b,w,g,y,n,l,f,e,k
p,f,w,o,c,n,f,t,e,s,s,e,s,f,c,w,w,v,n,d,n,g,p
p,f,w,o,c,b,t,e,e,s,s,e,f,f,b,w,g,v,n,w,n,y,n
p,f,w,o,c,n,t,e,p,s,s,p,s,x,b,w,w,y,k,d,n,n,g
p,f,w,o,c,n,f,t,e,k,s,p,s,f,b,b,g,n,n,g,p,e,n
p,f,y,t,c,n,f,e,e,s,s,p,y,b,?,p,w,n,h,m,n,n,h
p,f,w,o,c,n,t,e,e,s,s,p,s,f,c,w,w,y,k,u,s,e,w
p,f,w,t,c,b,t,t,p,s,f,l,y,x,b,p,w,v,w,m,f,n,b
p,f,w,o,w,n,f,e,p,k,k,l,y,x,?,n,p,y,n,d,l,w,p
p,f,w,o,c,b,f,t,e,s,s,e,y,f,b,w,p,v,w,p,m,n,w
p,f,w,o,w,n,f,e,e,s,k,e,s,f,?,w,p,v,k,g,y,y,u
p,f,w,o,c,n,f,e,p,k,s,e,y,f,b,b,w,s,w,l,n,n,p
p,f,w,o,w,b,t,t,p,s,k,e,f,x,b,w,n,v,n,d,n,n,p
p,f,w,o,c,n,f,t,e,k,s,p,y,x,?,p,p,s,n,d,n,e,p
p,f,w,o,c,b,f,t,e,f,s,p,f,f,?,w,w,s,w,g,n,e,g
p,f,w,o,c,b,f,t,e,k,s,l,y,f,?,p,w,y,n,p,f,g,w
p,f,w,o,c,n,f,e,e,s,s,p,s,f,b,w,w,n,n,d,n,n,n
p,f,w,o,c,b,f,t,p,k,s,e,s,x,e,p,p,v,k,p,f,g,h
p,f,w,t,c,b,t,e,e,s,s,l,f,k,b,p,w,y,k,g,n,e,n
p,f,w,o,c,b,f,e,e,f,s,p,y,x,b,w,w,v,k,d,s,w,k
p,f,w,o,c,n,f,e,p,k,s,p,s,x,b,p,p,c,n,m,f,g,g
p,f,w,o,w,b,f,t,e,k,f,p,f,f,e,p,w,y,n,g,n,n,w
p,f,w,n,c,n,f,t,p,s,s,p,y,k,b,p,g,v,k,l,f,e,g
p,f,w,o,c,b,t,e,p,s,s,l,f,f,b,p,w,v,k,d,n,y,b
p,f,w,t,w,b,t,t,e,s,k,p,f,k,c,w,p,y,n,p,n,w,w
p,f,w,o,c,n,f,t,e,s,s,p,s,x,b,w,o,s,k,d,l,y,p
p,f,w,o,c,b,f,t,p,s,s,p,s,f,?,w,p,s,w,d,n,n,g
p,f,w,o,c,n,f,t,p,k,s,e,s,f,?,p,w,v,w,l,n,w,b
p,f,w,o,c,n,f,t,p,k,s,p,y,f,?,w,w,v,w,g,f,y,p
p,f,w,o,w,n,f,e,p,k,f,e,s,f,b,n,w,a,n,d,p,w,p
p,f,w,o,c,n,f,e,e,s,s,p,y,f,?,w,o,v,h,g,n,n,p
p,f,w,t,c,b,f,e,e,k,k,e,y,x,e,c,p,a,h,p,s,g,w
p,f,w,o,c,n,f,t,p,s,s,e,s,x,?,w,w,c,w,g,y,e,b
p,f,w,o,c,b,f,e,e,f,s,l,f,s,b,w,w,y,h,u,n,w,k
p,f,w,o,c,n,t,t,e,s,s,e,s,x,b,w,p,v,w,g,s,n,w
p,f,w,o,c,b,f,e,e,k,s,e,y,x,?,p,w,v,n,d,a,b,u
p,f,w,o,c,b,f,t,p,s,s,p,y,x,?,w,w,y,n,p,f,y,w
p,f,w,o,c,b,t,e,e,s,s,p,f,x,b,g,w,v,n,d,f,y,u
p,f,w,o,c,b,t,e,e,s,k,p,y,x,?,w,w,n,h,u,f,g,u
p,f,w,o,c,b,f,e,e,s,s,e,f,x,b,w,w,v,k,d,f,y,u
p,f,w,o,c,b,t,t,e,s,s,l,f,f,b,w,g,v,w,d,n,g,k
p,f,w,o,c,b,t,e,p,s,f,p,s,f,b,w,w,s,h,p,f,e,u
p,f,w,o,c,b,f,t,p,k,s,e,y,x,b,n,g,v,w,d,l,w,w
p,f,w,o,c,b,f,t,e,s,s,l,f,x,e,o,w,y,h,g,c,n,h
p,f,w,o,c,b,f,t,e,k,k,p,s,f,b,p,n,y,w,g,y,g,p
p,a,o,o,c,b,f,e,p,k,s,p,y,f,b,c,g,v,h,d,f,n,b
p,f,w,o,c,b,t,t,p,s,k,p,y,k,b,p,p,v,k,l,n,g,h
p,f,w,o,c,b,f,t,p,s,s,l,s,x,e,p,w,v,w,g,l,g,b
p,f,w,o,c,b,t,t,e,s,s,p,f,x,e,w,p,y,k,d,n,e,w
p,f,w,o,c,n,f,t,e,s,k,p,s,x,e,w,p,y,k,d,s,g,p
p,f,w,o,c,b,t,t,p,s,s,e,y,x,b,w,p,v,w,u,n,y,h
p,f,w,o,c,b,t,t,e,s,s,e,y,x,b,o,w,v,n,u,n,n,w
p,f,w,t,c,b,f,t,e,k,s,p,y,b,?,n,g,v,w,m,l,w,u
p,f,w,o,c,b,f,t,p,f,s,e,y,x,b,w,p,v,w,m,f,y,p
p,f,w,o,w,b,f,t,e,f,y,p,y,k,?,w,w,v,k,d,f,w,n
p,f,w,o,c,b,f,e,e,s,k,e,f,x,b,w,n,a,n,d,n,y,w
p,f,w,o,c,b,f,e,e,s,s,p,s,x,e,w,w,v,h,d,c,g,p
p,f,w,o,c,b,t,e,p,s,k,l,y,k,b,w,w,y,n,w,f,n,h
p,f,w,o,w,b,f,t,e,k,k,e,s,x,b,n,p,v,k,l,n,n,w
p,f,w,o,c,b,f,t,p,s,y,p,s,x,b,w,c,v,n,d,a,n,b
p,f,w,o,c,b,t,t,p,s,s,p,f,f,b,w,g,v,w,d,n,y,p
p,f,w,o,c,b,t,t,p,s,s,e,y,f,b,p,w,v,w,d,y,g,h
p,f,w,o,c,n,f,t,e,s,s,l,y,x,?,g,w,v,k,g,n,n,n
p,f,w,o,c,n,f,t,p,s,s,e,y,x,b,w,w,a,w,g,f,g,h
p,f,w,o,c,n,f,e,e,k,s,e,s,x,?,p,g,v,w,p,y,y,n
p,f,w,o,c,b,f,t,e,f,s,p,f,x,b,w,p,v,h,g,f,w,n
p,f,w,o,c,b,t,t,e,s,s,e,f,b,b,p,w,v,w,g,n,b,n
p,f,w,o,c,n,f,t,p,k,s,e,s,x,?,w,p,v,w,d,p,w,h
p,f,w,o,w,b,f,t,e,k,s,e,s,k,e,p,w,v,n,l,a,y,k
p,f,w,o,c,b,f,t,e,k,s,e,s,f,b,p,w,v,k,g,y,n,p
p,a,o,o,c,n,f,e,p,s,s,p,s,f,e,w,w,v,w,d,y,e,p
p,f,w,o,c,n,f,t,e,s,k,e,s,x,?,p,p,v,w,d,a,w,w
p,f,w,o,c,b,f,e,p,s,s,e,y,b,?,p,p,v,o,m,y,e,h
p,f,w,o,c,n,f,t,e,k,k,p,y,x,e,n,n,s,w,d,p,b,o
p,f,w,o,c,b,t,t,p,s,s,l,s,x,c,w,g,v,n,d,n,g,n
p,f,w,t,c,b,f,t,e,f,s,e,f,x,?,w,p,v,k,p,f,b,w
p,f,w,o,c,b,t,t,p,s,k,p,f,x,c,p,p,y,k,d,n,g,b
p,f,w,o,c,b,t,t,e,s,s,p,y,b,r,p,w,s,w,g,l,u,p
p,f,w,o,c,n,f,t,e,k,k,e,y,f,?,n,p,v,h,g,n,n,w
p,f,w,o,w,b,f,e,p,s,f,p,y,b,?,w,w,c,h,m,f,g,b
p,f,w,o,c,b,t,e,e,s,k,p,y,x,e,w,p,n,h,d,n,n,n
p,f,w,o,c,b,f,t,e,k,s,e,f,x,?,n,p,v,h,g,c,e,u
p,f,w,o,c,b,t,t,p,s,k,e,f,x,c,p,n,v,w,g,n,n,g
p,f,w,o,w,b,f,e,p,s,s,p,f,f,?,e,w,y,k,l,f,g,g
p,f,w,o,c,b,t,t,e,s,s,l,f,f,c,w,w,y,k,g,f,w,g
p,f,w,o,c,b,t,e,e,s,s,e,f,k,c,w,w,s,w,g,f,e,p
p,f,w,o,c,b,f,e,p,s,k,e,y,f,b,w,b,v,w,d,n,n,k
p,f,w,o,c,b,t,e,e,s,s,e,y,f,?,g,p,v,k,d,f,g,u
p,f,w,o,c,b,t,t,p,s,s,l,y,f,c,g,w,y,n,p,l,y,p
p,a,o,o,c,b,t,e,p,s,s,p,f,b,c,o,w,n,h,g,f,n,b
p,f,w,o,c,b,t,e,e,s,s,p,s,k,b,w,w,y,k,w,f,g,k
p,f,w,t,c,b,f,e,e,k,s,e,y,b,?,n,o,v,k,l,f,w,w
p,f,w,o,c,n,f,t,p,k,k,p,y,x,?,b,p,s,h,g,f,n,b
p,f,w,o,c,b,f,t,p,s,k,e,s,x,e,w,p,v,w,p,l,e,b
p,f,w,o,c,b,f,t,p,k,s,p,f,f,b,b,w,y,w,d,f,y,h
p,f,w,o,c,b,f,e,p,f,s,e,s,f,b,w,w,v,k,d,f,y,b
p,f,w,o,c,b,t,t,e,s,k,e,y,x,b,w,w,v,n,m,n,e,w
p,f,w,o,c,b,f,e,p,s,s,p,s,x,b,w,g,y,w,d,n,n,p
p,f,w,o,c,b,t,t,e,s,k,p,s,f,b,e,w,y,w,d,s,e,g
p,f,w,o,c,b,t,t,p,s,s,p,s,x,b,w,g,v,w,l,s,e,p
p,f,w,o,c,b,t,e,e,s,s,e,f,f,b,w,w,v,w,d,f,n,p
p,f,w,t,c,b,t,t,e,s,s,p,f,b,b,w,w,y,k,g,f,p,w
p,f,w,n,w,n,f,t,p,k,s,e,s,x,b,w,w,v,k,d,y,c,b
p,f,w,o,c,n,f,e,p,k,s,l,y,x,e,n,p,v,w,g,p,n,b
p,f,w,o,c,n,f,t,p,y,f,p,s,f,?,n,w,v,w,d,f,n,w
p,f,w,o,c,n,t,t,e,s,s,e,s,x,b,w,w,v,h,d,f,g,p
p,f,w,o,w,b,t,e,e,s,s,p,f,f,r,p,g,y,h,l,f,g,n
p,f,w,o,c,b,f,e,p,s,k,e,f,x,?,w,p,v,n,g,f,y,n
p,f,w,o,c,b,t,t,p,s,s,p,f,x,?,w,w,s,k,g,f,y,b
p,f,w,o,c,b,f,t,p,f,k,p,f,x,b,w,n,s,w,l,f,n,p
p,f,w,o,c,b,f,t,e,s,y,p,f,x,?,w,w,y,w,d,n,w,p
p,f,w,o,c,n,f,t,e,s,s,e,s,k,b,w,g,v,k,g,n,e,n
p,f,w,t,c,n,f,t,e,f,s,e,s,k,b,w,p,s,w,g,c,w,k
p,f,w,o,c,b,f,t,p,s,k,p,f,f,e,w,p,n,h,p,n,e,b
p,f,w,o,c,b,t,t,e,s,f,l,s,f,b,g,w,y,k,p,n,r,u
p,f,w,o,c,b,f,t,p,k,s,e,s,x,?,p,w,s,n,g,n,w,k
p,f,w,o,c,b,t,t,p,s,s,e,y,x,b,g,w,v,w,d,n,n,h
p,f,w,o,c,n,t,e,p,s,k,p,y,x,?,w,p,s,h,p,a,g,b
p,f,w,o,w,b,t,t,p,s,s,e,s,x,b,w,p,v,k,d,f,g,b
p,f,w,o,c,b,t,t,e,s,f,p,f,k,b,w,w,v,w,l,f,n,w
p,f,w,o,c,n,f,t,p,s,k,e,f,k,b,w,p,c,k,l,n,g,r
p,f,w,o,c,b,f,t,p,k,s,p,y,x,e,p,w,s,w,d,f,e,b
p,f,w,o,c,b,t,e,e,s,s,p,y,f,b,e,g,v,h,p,n,g,n
p,f,w,o,w,b,t,t,p,s,k,e,f,x,c,o,w,a,w,u,n,w,p
p,f,w,o,c,b,f,e,e,k,k,p,f,k,b,b,b,n,w,p,n,g,n
p,f,w,o,w,b,t,t,p,s,s,l,s,f,b,w,w,v,k,d,c,w,g
p,f,w,o,c,n,f,t,p,s,f,p,s,x,?,p,w,s,n,g,s,n,b
p,f,w,o,c,b,f,t,p,s,s,p,y,x,e,w,w,y,k,d,p,n,p
p,f,w,o,c,b,t,t,e,s,s,e,y,x,b,g,w,v,w,m,a,n,n
p,f,w,o,c,b,t,t,e,s,s,p,f,x,c,p,p,y,h,g,f,y,h
p,f,w,o,c,n,f,t,p,f,y,l,y,f,?,w,n,y,n,d,p,e,g
p,f,w,o,c,b,t,e,p,s,f,l,s,x,?,w,w,v,k,u,n,n,b
p,f,w,o,c,b,t,e,p,s,k,l,f,x,b,w,w,v,h,d,n,g,p
p,f,w,o,c,b,t,e,e,s,k,e,f,x,b,w,w,c,o,m,n,n,u
p,f,w,o,c,b,t,t,p,s,s,p,f,f,b,w,w,y,h,d,n,e,p
p,f,w,o,c,b,f,e,e,s,s,p,y,f,b,w,w,s,h,g,s,n,e
p,f,w,o,c,b,t,t,p,s,s,p,y,x,b,w,w,y,w,d,a,n,b
p,f,w,o,c,b,t,t,p,f,k,p,y,f,b,w,p,y,w,d,n,n,b
p,f,w,o,c,b,f,t,p,f,k,p,f,x,e,w,b,y,k,d,n,n,g
p,f,w,o,w,b,t,t,p,s,s,p,f,f,b,w,w,y,w,u,n,n,g
p,f,w,o,c,n,f,e,p,s,s,e,s,x,?,o,g,v,k,d,n,g,n
p,f,w,o,c,b,t,t,e,s,k,p,y,f,c,w,w,v,n,d,n,y,w
p,f,w,o,c,b,t,t,p,s,s,e,y,x,b,w,w,a,k,d,y,n,g
p,f,w,o,c,b,f,e,p,k,f,p,y,k,?,b,w,n,n,g,s,e,b
p,a,n,o,c,b,t,e,p,s,s,n,s,x,c,g,w,c,h,p,c,e,h
p,f,w,o,w,b,t,e,p,s,k,p,f,f,b,w,b,n,n,g,f,n,b
p,f,w,o,c,b,f,e,e,s,s,p,y,x,?,w,w,v,n,g,n,n,u
p,f,w,o,c,n,t,t,e,s,k,p,y,x,b,w,p,s,k,d,n,y,u
p,f,w,o,c,b,f,e,e,k,k,e,f,b,?,b,p,s,w,g,n,e,k
p,f,w,o,c,n,t,t,p,s,s,p,s,b,c,w,e,v,w,d,y,g,p
p,f,w,o,c,b,t,e,e,s,s,e,s,f,b,w,w,v,h,d,n,w,n
p,f,w,o,c,b,f,e,p,k,f,l,y,s,?,p,w,v,k,u,y,w,h
p,f,w,o,c,n,f,t,p,k,s,p,y,x,?,w,g,v,w,g,f,g,b
p,f,w,o,c,b,t,e,e,s,k,l,y,f,b,p,w,y,k,d,n,e,w
p,f,w,o,c,b,f,t,e,f,k,p,y,f,b,w,b,v,n,g,m,n,p
p,f,w,o,c,b,f,t,e,k,s,l,s,f,b,c,w,y,k,d,n,e,n
p,f,w,o,c,b,f,t,e,k,k,e,y,x,e,b,w,v,w,d,s,g,w
p,f,w,o,c,b,t,e,p,s,f,e,y,x,r,p,w,v,k,d,n,n,b
p,f,w,o,w,b,f,t,p,k,s,p,f,x,b,w,p,n,w,l,n,e,g
p,a,o,o,c,b,f,e,p,k,s,p,f,x,?,b,w,s,h,d,n,g,b
p,f,w,o,c,b,f,e,e,f,f,e,f,f,?,w,w,v,w,u,n,n,n
p,f,w,o,c,b,f,t,e,k,k,p,y,x,?,p,b,y,h,w,l,n,w
p,f,w,o,c,b,t,t,e,s,s,p,f,x,b,w,g,v,w,d,n,e,n
p,f,w,o,c,b,t,t,e,s,s,l,f,x,?,e,w,y,w,g,n,n,w
p,f,w,o,w,b,f,t,e,s,s,e,y,f,b,w,w,v,k,g,s,y,n
p,f,w,o,c,b,t,e,p,s,f,e,s,f,b,w,w,v,h,d,f,n,h
p,f,w,o,c,n,f,e,p,k,s,e,y,f,?,p,w,v,h,d,s,e,b
p,f,w,o,c,b,t,t,e,s,k,p,f,f,e,w,n,y,w,d,n,e,p
p,f,w,o,c,n,f,t,p,s,k,e,f,x,e,w,p,v,k,w,n,n,p
p,f,w,o,c,n,t,e,p,s,s,e,s,x,b,w,w,c,n,g,y,w,b
p,f,w,o,c,n,t,t,e,s,k,l,s,x,e,g,b,v,k,l,f,g,w
p,f,w,o,c,b,t,e,e,s,k,e,y,x,b,w,w,v,k,w,n,w,n
p,f,w,t,w,n,f,e,e,k,s,p,s,x,?,p,p,v,h,p,n,w,w
p,f,w,o,c,b,t,e,p,s,s,p,f,f,b,w,w,v,w,g,f,y,b
p,f,w,o,c,b,t,e,e,s,s,p,y,f,b,w,w,y,h,d,f,e,p
p,f,w,o,w,n,f,e,e,k,k,l,s,x,b,b,w,v,w,d,p,g,w
p,f,w,o,c,b,f,t,p,k,s,e,f,f,b,p,w,v,n,g,n,e,p
p,f,w,o,c,b,f,t,p,s,s,p,y,f,b,w,w,s,w,d,f,y,b
p,f,w,o,c,b,t,t,e,s,k,l,s,x,b,w,p,y,n,d,n,e,k
p,f,w,o,c,b,f,t,p,s,k,p,f,f,?,w,n,y,n,d,n,n,g
p,f,w,o,c,b,f,t,e,k,f,p,f,f,b,n,w,v,w,d,n,y,n
p,f,w,o,c,b,f,t,p,f,y,p,y,f,e,w,w,n,n,d,y,y,p
p,f,w,o,c,b,f,e,p,k,k,p,s,f,?,p,p,s,w,g,n,w,b
p,f,w,o,w,b,f,t,p,k,f,e,f,x,?,w,w,v,n,d,l,g,h
p,f,w,o,w,b,t,t,p,s,k,p,s,x,b,w,p,y,w,m,f,n,b
p,f,w,o,c,b,t,e,e,s,s,l,y,f,b,w,w,v,h,d,n,n,u
p,f,w,o,c,b,t,t,e,s,y,e,f,f,r,w,c,c,k,d,n,y,n
p,f,w,o,c,n,f,t,p,k,s,p,s,f,e,w,g,v,k,d,c,e,p
p,f,w,o,c,n,f,e,e,k,k,p,y,f,?,p,b,v,w,g,n,g,w
p,f,w,o,c,b,t,t,p,s,s,e,s,x,c,w,g,v,n,d,y,n,b
p,f,w,o,c,b,t,t,p,s,s,p,f,x,r,w,o,s,w,d,n,e,h
p,f,w,o,c,n,f,e,p,k,k,l,s,f,b,w,b,v,w,l,n,n,h
p,f,w,o,w,b,t,e,p,f,f,e,s,f,b,w,w,v,k,d,n,y,b
p,f,w,o,c,n,f,e,p,s,s,p,y,x,b,w,w,v,n,g,n,g,p
p,f,w,o,c,n,f,e,e,k,s,l,s,f,?,p,w,v,h,d,s,n,w
p,f,w,o,c,b,f,e,e,s,s,p,s,x,b,w,w,y,w,d,a,e,w
p,f,w,o,c,b,f,e,e,k,s,e,y,b,b,n,w,a,k,l,l,n,w
p,f,w,o,c,b,t,e,p,s,s,l,f,f,e,w,w,v,h,l,n,n,g
p,f,w,t,c,b,t,e,e,s,s,l,s,b,b,g,w,y,n,l,f,b,p
p,f,w,o,c,b,f,t,p,s,k,p,y,f,?,g,p,y,w,p,n,n,b
p,f,w,o,c,n,t,t,e,s,s,e,y,f,b,w,w,c,h,p,n,g,h
p,f,w,o,c,n,f,e,e,k,s,p,s,f,?,b,p,y,r,d,f,e,n
p,f,w,o,w,b,t,t,e,s,k,p,y,x,b,w,b,y,k,g,y,g,w
p,f,w,o,c,b,t,t,e,s,s,l,y,f,?,w,g,y,k,d,n,g,u
p,f,w,t,c,b,f,t,p,s,k,e,y,x,?,g,p,s,n,g,f,w,b
p,f,w,o,c,b,t,e,p,s,s,e,f,f,b,w,w,a,w,m,n,n,p
p,f,w,o,c,n,f,t,p,k,y,e,s,x,b,p,c,v,k,d,f,n,h
p,f,w,o,c,n,f,t,p,k,f,e,y,x,e,n,w,v,n,l,f,e,b
p,f,w,o,c,n,t,t,e,s,k,p,y,b,b,w,b,y,w,l,n,n,p
p,f,w,o,c,b,t,t,p,s,s,e,y,x,b,w,w,v,k,g,y,g,b
p,f,w,o,c,n,f,e,p,k,s,e,y,f,b,b,w,v,n,d,m,e,h
p,f,w,t,c,n,f,e,p,s,y,e,y,k,b,e,c,v,w,d,y,b,h
p,f,w,o,c,b,f,t,p,k,k,p,f,k,?,b,p,y,w,l,f,y,b
p,f,w,o,c,b,t,e,e,s,k,p,y,f,?,w,w,s,h,d,n,e,u
p,f,w,o,c,n,f,t,p,s,k,e,f,b,b,w,p,v,w,m,f,e,h
p,f,w,o,w,b,t,t,e,s,s,p,y,f,b,w,o,y,n,p,n,y,p
p,f,w,o,c,n,f,e,e,s,k,l,y,f,b,w,w,y,h,p,n,n,o
p,f,w,o,c,b,t,t,e,s,k,p,y,f,b,w,p,y,n,d,y,g,u
p,f,w,o,c,n,f,t,e,k,s,p,y,k,?,p,w,y,n,l,f,n,p
p,f,w,o,c,n,f,t,p,s,k,l,y,f,?,p,p,y,w,g,n,g,h
p,f,w,o,c,b,f,t,e,s,s,l,y,f,b,p,w,v,k,d,y,n,w
p,f,w,o,w,b,f,t,e,s,s,p,f,f,?,g,w,y,n,l,c,n,w
p,f,w,o,c,b,t,t,p,s,s,e,y,f,?,o,w,a,k,g,n,w,b
p,f,w,o,w,b,t,e,e,s,k,e,f,k,?,w,p,v,o,d,n,e,p
p,f,w,o,c,n,f,t,p,k,s,p,s,f,?,p,p,v,k,d,n,w,y
p,f,w,o,c,n,t,t,e,s,s,p,y,x,b,o,w,y,w,d,f,n,w
p,f,w,o,c,n,f,t,p,k,k,p,s,x,e,w,b,v,n,g,y,n,b
p,f,w,o,c,b,f,t,e,s,s,p,y,x,e,w,w,s,n,p,m,y,w
p,f,w,o,w,b,t,t,e,s,s,p,f,x,r,w,w,v,n,d,n,n,g
p,f,w,o,c,n,f,t,p,s,y,p,s,b,?,w,c,y,w,m,c,n,b
p,f,w,o,c,b,t,e,p,s,s,e,f,f,b,p,g,c,n,d,n,e,u
p,f,w,o,c,b,f,e,p,k,s,e,y,f,?,b,g,a,h,d,f,y,g
p,f,w,o,c,b,t,e,p,s,s,p,f,x,b,w,w,s,h,m,n,e,w
p,f,w,o,c,b,f,t,p,s,k,e,f,f,?,w,n,v,k,d,n,e,w
p,f,w,o,c,b,f,t,p,s,k,e,f,x,b,g,p,v,w,u,f,n,b
p,f,w,o,c,b,t,e,p,s,k,p,f,f,?,g,p,s,o,d,n,y,g
p,f,w,o,c,b,t,e,p,s,k,l,f,f,b,p,b,v,h,g,n,w,g
p,f,w,o,w,b,f,e,e,s,s,e,s,f,?,w,w,v,w,d,p,g,n
p,f,w,t,c,b,t,e,e,s,s,p,y,x,b,g,w,v,k,d,n,g,p
p,f,w,o,w,b,t,e,p,s,s,e,s,x,r,w,w,v,h,g,s,y,p
p,f,w,o,c,n,f,e,e,k,k,p,y,x,?,b,p,y,b,u,l,n,w
p,f,w,o,c,n,f,t,p,k,k,e,s,x,?,p,p,v,k,p,s,n,b
p,f,w,o,c,b,f,e,p,k,k,e,y,f,?,b,p,v,h,p,f,e,p
p,f,w,t,c,b,t,e,e,s,s,p,f,b,b,w,p,v,h,g,n,p,p
p,f,w,o,c,b,f,t,p,s,k,p,s,x,?,w,n,v,k,d,p,n,h
p,f,w,o,c,b,t,e,p,s,s,p,f,f,r,o,p,v,h,g,f,n,b
p,f,w,o,c,n,f,e,p,k,k,e,s,x,e,p,p,v,h,g,y,n,g
p,f,w,o,c,n,f,e,p,k,k,e,s,x,b,n,p,s,n,g,f,g,h
p,f,w,o,w,b,f,t,e,k,k,e,f,x,b,p,p,v,k,g,n,w,k
p,f,w,o,c,b,t,t,e,s,k,p,y,k,b,w,w,v,k,p,a,e,p
p,f,w,o,c,n,f,e,e,k,k,p,s,f,?,b,b,v,h,g,a,n,h
p,f,w,o,w,b,t,e,p,s,k,l,s,f,b,p,p,v,h,w,n,y,b
p,f,w,o,c,b,t,e,p,s,s,p,f,f,b,w,g,v,h,d,n,n,h
p,f,w,o,w,b,t,e,p,s,s,e,s,f,b,p,w,v,k,p,n,e,g
p,f,w,o,w,b,t,t,e,s,s,e,y,f,b,w,w,v,w,g,f,e,p
p,f,w,o,c,b,t,e,p,s,s,p,f,x,b,g,w,y,n,d,f,w,p
p,f,w,o,c,b,t,e,e,s,s,n,f,b,r,w,w,c,k,g,f,g,w
p,f,w,o,c,n,t,e,p,s,k,l,y,f,b,w,p,y,h,p,f,y,h
p,f,w,o,c,n,f,e,p,k,s,p,y,f,b,p,w,y,n,d,n,n,b
p,f,w,o,c,b,f,e,e,k,s,l,f,x,?,p,w,v,h,g,n,g,w
p,f,w,o,w,b,f,e,p,s,k,e,y,x,b,w,w,v,k,d,p,y,h
p,f,w,o,w,n,f,t,p,s,k,e,s,f,?,w,n,c,k,d,n,n,b
p,f,w,o,w,n,f,e,p,k,k,p,y,x,e,b,p,y,h,g,n,g,p
p,f,w,o,c,b,t,e,p,s,f,e,s,x,b,w,w,v,h,p,f,n,p
p,f,w,o,c,b,t,t,p,f,k,e,f,f,b,w,n,v,u,p,n,n,b
p,f,w,o,c,b,t,t,p,s,s,e,f,x,e,w,g,v,n,d,n,w,b
p,f,w,o,c,b,f,t,e,k,s,p,s,k,?,w,g,n,h,p,f,n,p
p,f,w,o,c,b,t,t,e,s,s,p,y,x,b,p,w,v,w,p,n,g,n
p,f,w,o,c,b,f,t,p,k,s,l,y,f,?,b,w,y,h,g,n,y,g
p,f,w,o,c,b,t,t,p,s,k,e,s,f,?,w,p,v,n,l,y,n,p
p,f,w,t,c,b,t,e,p,s,s,p,y,x,b,w,o,y,w,d,y,p,r
p,f,w,o,c,b,f,e,p,s,k,p,y,x,?,w,w,s,w,p,f,u,b
p,f,w,o,c,n,f,e,e,k,s,l,s,k,?,w,w,y,h,l,n,g,k
p,f,w,o,c,b,t,e,e,s,k,e,f,x,b,g,w,v,r,g,f,p,p
p,f,w,o,c,n,f,t,e,s,s,p,y,f,e,w,w,s,w,p,n,e,p
p,f,w,o,c,n,f,t,e,k,k,l,y,f,?,n,b,v,n,u,a,g,n
p,f,w,o,w,b,f,t,e,s,k,p,y,x,?,p,p,v,n,g,n,g,u
p,f,w,o,c,n,f,e,e,k,s,e,y,f,b,b,p,v,n,d,n,g,w
p,f,w,o,c,b,t,t,e,s,f,p,y,x,b,w,w,y,w,l,f,g,n
p,f,w,o,c,n,f,e,p,f,s,l,s,f,?,w,w,v,k,d,a,n,p
p,f,w,o,w,b,f,e,p,k,s,p,y,x,b,p,w,y,h,g,n,g,b
p,f,w,o,c,n,f,e,e,k,s,l,y,x,?,p,w,v,n,d,y,w,n
p,f,w,o,c,b,t,t,e,s,k,l,y,x,b,p,p,y,n,d,n,g,n
p,f,w,t,c,b,f,e,e,s,k,e,s,f,?,g,p,a,n,p,a,w,k
p,f,w,o,c,n,f,t,e,s,s,p,s,x,b,e,w,s,w,u,y,e,p
p,f,w,o,c,b,f,e,p,k,f,l,y,x,b,p,w,y,o,p,a,e,b
p,f,w,o,c,b,t,e,e,s,k,e,s,f,c,w,w,v,h,g,f,n,e
p,f,w,o,c,n,f,e,e,k,f,p,f,f,b,p,w,v,n,d,n,g,w
p,f,w,o,c,b,t,t,e,s,s,p,s,f,b,p,o,y,n,d,s,g,u
p,f,w,o,c,b,t,e,e,s,s,p,y,f,b,w,w,v,h,g,n,w,u
p,f,w,o,c,n,f,t,p,k,k,l,f,b,b,w,b,v,n,d,c,g,k
p,f,w,o,c,n,f,e,p,s,s,e,s,f,b,w,o,s,k,u,l,g,b
p,f,w,o,c,b,f,e,p,k,s,l,y,x,?,n,g,v,k,d,s,y,p
p,f,w,o,c,n,f,e,p,s,s,p,y,x,b,g,w,s,h,g,f,e,p
p,f,w,o,c,b,t,t,e,s,s,e,s,f,b,g,w,s,k,g,a,y,u
p,f,w,o,c,b,t,e,e,s,s,p,f,x,b,g,p,s,k,p,f,w,n
p,f,w,o,c,b,f,t,e,k,s,e,f,x,e,w,w,c,k,d,n,b,w
p,f,w,o,w,n,f,t,p,k,k,p,y,f,e,n,w,v,w,d,n,n,b
p,f,w,o,c,b,f,e,e,k,k,p,f,f,?,w,w,y,k,u,n,n,p
p,f,w,o,c,b,t,e,p,s,s,p,y,x,b,w,w,s,k,p,a,y,b
p,f,w,t,c,b,t,t,e,s,s,p,f,k,c,g,w,v,n,p,f,g,w
p,f,w,o,c,b,t,e,p,s,k,f,f,f,c,w,p,y,k,g,n,n,b
p,f,w,o,c,n,f,t,e,k,s,l,f,f,?,b,w,v,w,l,n,g,k
p,f,w,o,c,b,t,e,p,s,f,e,f,f,c,g,w,v,h,d,n,g,p
p,f,w,o,c,b,t,t,p,s,s,e,f,x,b,p,p,s,k,d,c,n,h
p,f,w,o,c,b,t,e,e,s,s,e,s,f,b,w,w,s,h,d,p,w,g
p,f,w,t,c,n,t,e,e,s,s,p,s,b,e,g,w,y,h,l,n,e,k
p,f,w,o,c,b,f,t,e,f,s,e,s,x,?,w,w,v,k,g,f,e,u
p,f,w,o,c,b,t,t,e,f,s,e,f,x,b,w,w,v,h,g,n,g,p
p,f,w,o,c,n,f,e,e,s,s,e,s,k,b,w,g,s,k,w,n,w,e
